{"autoTags":[{"value":"motorcycle","confidence":0.6625339984893799,"isCustom":false},{"value":"man","confidence":0.6065269708633423,"isCustom":false},{"value":"art","confidence":0.5970054864883423,"isCustom":false},{"value":"biker","confidence":0.5955042243003845,"isCustom":false},{"value":"bike","confidence":0.5928226113319397,"isCustom":false},{"value":"illustration","confidence":0.5824214220046997,"isCustom":false},{"value":"black","confidence":0.5680588483810425,"isCustom":false},{"value":"speed","confidence":0.5666583180427551,"isCustom":false},{"value":"motorbike","confidence":0.5663231611251831,"isCustom":false},{"value":"cycle","confidence":0.5573450922966003,"isCustom":false},{"value":"people","confidence":0.5550233125686646,"isCustom":false},{"value":"transportation","confidence":0.5545479655265808,"isCustom":false},{"value":"vector","confidence":0.5461970567703247,"isCustom":false},{"value":"fun","confidence":0.5399662256240845,"isCustom":false},{"value":"riding","confidence":0.5391232371330261,"isCustom":false},{"value":"ride","confidence":0.5388743281364441,"isCustom":false},{"value":"sport","confidence":0.5383446216583252,"isCustom":false},{"value":"vehicle","confidence":0.5354283452033997,"isCustom":false},{"value":"cartoon","confidence":0.5334369540214539,"isCustom":false},{"value":"power","confidence":0.5320561528205872,"isCustom":false},{"value":"human","confidence":0.5272194743156433,"isCustom":false},{"value":"fantasy","confidence":0.5187888145446777,"isCustom":false},{"value":"chopper","confidence":0.5174086093902588,"isCustom":false},{"value":"music","confidence":0.5168823003768921,"isCustom":false},{"value":"road","confidence":0.5166335701942444,"isCustom":false}]}
