{"autoTags":[{"value":"motorcycle","confidence":0.7932221293449402,"isCustom":false},{"value":"bike","confidence":0.7202933430671692,"isCustom":false},{"value":"biker","confidence":0.708527684211731,"isCustom":false},{"value":"motorbike","confidence":0.613174557685852,"isCustom":false},{"value":"speed","confidence":0.612808108329773,"isCustom":false},{"value":"transportation","confidence":0.6057118773460388,"isCustom":false},{"value":"isolated","confidence":0.5936421155929565,"isCustom":false},{"value":"black","confidence":0.5903842449188232,"isCustom":false},{"value":"chopper","confidence":0.5836369395256042,"isCustom":false},{"value":"man","confidence":0.5791577696800232,"isCustom":false},{"value":"riding","confidence":0.5745721459388733,"isCustom":false},{"value":"ride","confidence":0.5723444223403931,"isCustom":false},{"value":"motor","confidence":0.5654053092002869,"isCustom":false},{"value":"beautiful","confidence":0.5617794990539551,"isCustom":false},{"value":"sport","confidence":0.5607273578643799,"isCustom":false},{"value":"cycle","confidence":0.5546689629554749,"isCustom":false},{"value":"travel","confidence":0.5479480028152466,"isCustom":false},{"value":"girl","confidence":0.5478876829147339,"isCustom":false},{"value":"fun","confidence":0.546952486038208,"isCustom":false},{"value":"vehicle","confidence":0.545118510723114,"isCustom":false},{"value":"road","confidence":0.542866051197052,"isCustom":false},{"value":"illustration","confidence":0.5377241969108582,"isCustom":false},{"value":"helmet","confidence":0.5366309881210327,"isCustom":false},{"value":"male","confidence":0.5354800820350647,"isCustom":false},{"value":"wheel","confidence":0.5312216877937317,"isCustom":false}]}
