{"autoTags":[{"value":"adult","confidence":0.6950963735580444,"isCustom":false},{"value":"man","confidence":0.6812887787818909,"isCustom":false},{"value":"male","confidence":0.6508723497390747,"isCustom":false},{"value":"boy","confidence":0.615708589553833,"isCustom":false},{"value":"girl","confidence":0.615374743938446,"isCustom":false},{"value":"background","confidence":0.6080539226531982,"isCustom":false},{"value":"isolated","confidence":0.6068876385688782,"isCustom":false},{"value":"young","confidence":0.6034672260284424,"isCustom":false},{"value":"caucasian","confidence":0.5980431437492371,"isCustom":false},{"value":"female","confidence":0.5965263247489929,"isCustom":false},{"value":"beautiful","confidence":0.5938183665275574,"isCustom":false},{"value":"black","confidence":0.5823879837989807,"isCustom":false},{"value":"person","confidence":0.5763311982154846,"isCustom":false},{"value":"dancer","confidence":0.5747279524803162,"isCustom":false},{"value":"fashion","confidence":0.571858286857605,"isCustom":false},{"value":"child","confidence":0.5710108876228333,"isCustom":false},{"value":"active","confidence":0.5655473470687866,"isCustom":false},{"value":"people","confidence":0.5541313886642456,"isCustom":false},{"value":"human","confidence":0.5501050353050232,"isCustom":false},{"value":"dance","confidence":0.5484771728515625,"isCustom":false},{"value":"white","confidence":0.5427526235580444,"isCustom":false},{"value":"happy","confidence":0.5366530418395996,"isCustom":false},{"value":"drawing","confidence":0.5350254774093628,"isCustom":false},{"value":"action","confidence":0.5314702391624451,"isCustom":false},{"value":"cartoon","confidence":0.5258308053016663,"isCustom":false}]}
