{"colorTags":{"Royal_Blue":{"coverage":0.0746,"rgb":{"blue":132,"red":30,"green":101}},"Dark_Gray":{"coverage":0.2019,"rgb":{"blue":56,"red":52,"green":56}},"Dark_Green":{"coverage":0.161,"rgb":{"blue":94,"red":33,"green":88}},"Black":{"coverage":0.2688,"rgb":{"blue":39,"red":37,"green":41}},"Dark_Brown":{"coverage":0.1119,"rgb":{"blue":39,"red":80,"green":47}},"Cyan":{"coverage":0.0684,"rgb":{"blue":203,"red":79,"green":194}},"Dark_Blue":{"coverage":0.1133,"rgb":{"blue":77,"red":36,"green":58}}}}
