<?xml version="1.0" encoding="UTF-8"?>
<jcr:root xmlns:jcr="http://www.jcp.org/jcr/1.0" xmlns:dam="http://www.day.com/dam/1.0" xmlns:nt="http://www.jcp.org/jcr/nt/1.0" xmlns:mix="http://www.jcp.org/jcr/mix/1.0" xmlns:cq="http://www.day.com/jcr/cq/1.0"
    jcr:isCheckedOut="{Boolean}true"
    jcr:mixinTypes="[mix:referenceable,mix:versionable]"
    jcr:primaryType="dam:Asset"
    jcr:uuid="d79d35df-868c-4c29-917c-e9826051eea3">
    <jcr:content
        cq:lastReplicated="{Date}2022-08-01T00:00:00.000Z"
        cq:lastReplicated_publish="{Date}2022-08-01T00:00:00.000Z"
        cq:lastReplicatedBy="Adobe"
        cq:lastReplicatedBy_publish="Adobe"
        cq:lastReplicationAction="Activate"
        cq:lastReplicationAction_publish="Activate"
        cq:name="mtnBikerInCanyonTextLayer"
        cq:parentPath="/content/dam/sample-wknd-app/en/content-fragments/text-layers"
        dam:processingId="464e96b6-7921-4508-ab62-744787915662"
        dam:processingRenditions="[cq5dam.zoom.2048.2048.jpeg,cq5dam.thumbnail.140.100.png,cqdam.machine.metadata.colors.json,cqdam.machine.metadata.tags.json,cq5dam.thumbnail.319.319.png,cqdam.text.txt,cq5dam.thumbnail.48.48.png,cq5dam.web.1280.1280.jpeg,cqdam.metadata.xml,cqdam.machine.metadata.features.json]"
        dam:processingRequestedDate="{Date}2022-09-16T08:08:58.961Z"
        dam:runPostProcess="{Boolean}true"
        jcr:lastModified="{Date}2022-08-01T00:00:00.000Z"
        jcr:lastModifiedBy="Adobe"
        jcr:primaryType="dam:AssetContent"
        jcr:title="Mtn Biker in Canyon Text Layer"
        contentFragment="{Boolean}true"
        lastFragmentSave="{Date}2022-10-07T13:22:32.251Z">
        <data
            cq:model="/conf/sample-wknd-app/settings/dam/cfm/models/textlayer"
            jcr:primaryType="nt:unstructured">
            <master
                jcr:mixinTypes="[cq:Taggable,dam:cfVariationNode]"
                jcr:primaryType="nt:unstructured"
                column_x0040_LastModified="{Date}2022-09-13T12:19:34.229Z"
                id="intro-text1"
                id_x0040_LastModified="{Date}2022-09-13T12:44:19.359Z"
                leftBox="[/content/dam/sample-wknd-app/en/content-fragments/text-items/mtnBikerInCanyonTag,/content/dam/sample-wknd-app/en/content-fragments/text-items/mtnBikerInCanyonTitle]"
                leftBox_x0040_LastModified="{Date}2022-09-27T08:28:22.356Z"
                noPadding="{Boolean}false"
                noPadding_x0040_LastModified="{Date}2022-09-27T08:28:22.364Z"
                placeholder_x0040_LastModified="{Date}2022-09-13T12:19:34.229Z"
                pointText_x0040_LastModified="{Date}2022-09-13T12:19:34.229Z"
                rightBox="[/content/dam/sample-wknd-app/en/content-fragments/menus/WkndHomeMenu]"
                rightBox_x0040_LastModified="{Date}2022-09-16T08:08:58.758Z"/>
            <mobile
                jcr:mixinTypes="[cq:Taggable,dam:cfVariationNode]"
                jcr:primaryType="nt:unstructured"
                _x0040_variationCreationDate="{Date}2022-09-19T14:41:04.886Z"
                column="[/content/dam/sample-wknd-app/en/content-fragments/text-items/mtnBikerInCanyonTitle]"
                column_x0040_LastModified="{Date}2022-09-20T09:12:47.771Z"
                id="intro-text1"
                id_x0040_LastModified="{Date}2022-09-19T14:41:04.911Z"
                leftBox_x0040_LastModified="{Date}2022-09-19T14:41:53.374Z"
                noPadding="{Boolean}true"
                noPadding_x0040_LastModified="{Date}2022-09-20T11:45:20.840Z"
                placeholder_x0040_LastModified="{Date}2022-09-19T14:41:04.911Z"
                rightBox_x0040_LastModified="{Date}2022-09-19T14:41:53.374Z"
                textPosition="bottom-center"
                textPosition_x0040_LastModified="{Date}2022-09-20T11:45:20.835Z"/>
        </data>
        <metadata
            jcr:mixinTypes="[cq:Taggable]"
            jcr:primaryType="nt:unstructured"/>
        <model jcr:primaryType="nt:unstructured">
            <variations jcr:primaryType="nt:unstructured">
                <mobile
                    jcr:description="\0"
                    jcr:mixinTypes="[cq:Taggable]"
                    jcr:primaryType="nt:unstructured"
                    jcr:title="mobile"
                    name="mobile">
                    <properties
                        jcr:primaryType="nt:unstructured"
                        synchronizeWithVersion="[placeholder:895edef2-e994-420f-9c9d-a13900066225,leftBox:895edef2-e994-420f-9c9d-a13900066225,rightBox:895edef2-e994-420f-9c9d-a13900066225,column:895edef2-e994-420f-9c9d-a13900066225,placeholder:895edef2-e994-420f-9c9d-a13900066225,id:895edef2-e994-420f-9c9d-a13900066225,textPosition:895edef2-e994-420f-9c9d-a13900066225]"/>
                </mobile>
            </variations>
        </model>
        <related jcr:primaryType="nt:unstructured"/>
    </jcr:content>
</jcr:root>
