<?xml version="1.0" encoding="UTF-8"?>
<jcr:root xmlns:jcr="http://www.jcp.org/jcr/1.0" xmlns:dam="http://www.day.com/dam/1.0" xmlns:nt="http://www.jcp.org/jcr/nt/1.0" xmlns:mix="http://www.jcp.org/jcr/mix/1.0" xmlns:cq="http://www.day.com/jcr/cq/1.0"
    jcr:isCheckedOut="{Boolean}true"
    jcr:mixinTypes="[mix:referenceable,mix:versionable]"
    jcr:primaryType="dam:Asset"
    jcr:uuid="069530a2-6337-4db0-9096-db13adc95157">
    <jcr:content
        cq:lastReplicated="{Date}2022-08-01T00:00:00.000Z"
        cq:lastReplicated_publish="{Date}2022-08-01T00:00:00.000Z"
        cq:lastReplicatedBy="Adobe"
        cq:lastReplicatedBy_publish="Adobe"
        cq:lastReplicationAction="Activate"
        cq:lastReplicationAction_publish="Activate"
        cq:name="mtnBikersVideoTextLayer"
        cq:parentPath="/content/dam/sample-wknd-app/en/content-fragments/text-layers"
        dam:processingId="ad883d36-c1b5-4b38-9528-632387a52238"
        dam:processingRenditions="[cqdam.machine.metadata.colors.json,cq5dam.thumbnail.319.319.png,cq5dam.web.1280.1280.jpeg,cqdam.metadata.xml,cqdam.machine.metadata.features.json,cqdam.text.txt,cq5dam.thumbnail.48.48.png,cq5dam.zoom.2048.2048.jpeg,cqdam.machine.metadata.tags.json,cq5dam.thumbnail.140.100.png]"
        dam:processingRequestedDate="{Date}2022-09-16T08:09:48.262Z"
        dam:runPostProcess="{Boolean}true"
        jcr:lastModified="{Date}2022-08-01T00:00:00.000Z"
        jcr:lastModifiedBy="Adobe"
        jcr:primaryType="dam:AssetContent"
        jcr:title="Mtn Bikers Video Text Layer"
        contentFragment="{Boolean}true"
        lastFragmentSave="{Date}2022-10-07T13:22:32.249Z">
        <data
            cq:model="/conf/sample-wknd-app/settings/dam/cfm/models/textlayer"
            jcr:primaryType="nt:unstructured">
            <master
                jcr:mixinTypes="[cq:Taggable,dam:cfVariationNode]"
                jcr:primaryType="nt:unstructured"
                column_x0040_LastModified="{Date}2022-09-15T09:43:56.619Z"
                id_x0040_LastModified="{Date}2022-09-15T09:43:56.619Z"
                leftBox="[/content/dam/sample-wknd-app/en/content-fragments/text-items/mtnBikersVideoTitle,/content/dam/sample-wknd-app/en/content-fragments/text-items/mtnBikersCta]"
                leftBox_x0040_LastModified="{Date}2022-09-15T09:48:16.658Z"
                placeholder_x0040_LastModified="{Date}2022-09-15T09:43:56.619Z"
                pointText_x0040_LastModified="{Date}2022-09-15T09:43:56.619Z"
                rightBox="[/content/dam/sample-wknd-app/en/content-fragments/menus/WkndHomeMenu]"
                rightBox_x0040_LastModified="{Date}2022-09-16T08:08:31.566Z"
                textPosition="center-center"
                textPosition_x0040_LastModified="{Date}2022-09-15T09:50:04.120Z"/>
            <mobile
                jcr:mixinTypes="[cq:Taggable,dam:cfVariationNode]"
                jcr:primaryType="nt:unstructured"
                _x0040_variationCreationDate="{Date}2022-09-20T09:11:36.294Z"
                column="[/content/dam/sample-wknd-app/en/content-fragments/text-items/mtnBikersVideoTitle,/content/dam/sample-wknd-app/en/content-fragments/text-items/mtnBikersCta]"
                column_x0040_LastModified="{Date}2022-09-20T09:12:05.976Z"
                id_x0040_LastModified="{Date}2022-09-20T09:11:36.306Z"
                leftBox_x0040_LastModified="{Date}2022-09-20T09:12:05.977Z"
                noPadding="{Boolean}true"
                noPadding_x0040_LastModified="{Date}2022-09-20T12:43:12.224Z"
                placeholder_x0040_LastModified="{Date}2022-09-20T09:11:36.306Z"
                rightBox_x0040_LastModified="{Date}2022-09-20T09:12:05.978Z"
                textPosition="bottom-center"
                textPosition_x0040_LastModified="{Date}2022-09-20T12:43:12.224Z"/>
        </data>
        <metadata
            jcr:mixinTypes="[cq:Taggable]"
            jcr:primaryType="nt:unstructured"/>
        <model jcr:primaryType="nt:unstructured">
            <variations jcr:primaryType="nt:unstructured">
                <mobile
                    jcr:description="\0"
                    jcr:mixinTypes="[cq:Taggable]"
                    jcr:primaryType="nt:unstructured"
                    jcr:title="mobile"
                    name="mobile">
                    <properties
                        jcr:primaryType="nt:unstructured"
                        synchronizeWithVersion="[placeholder:5b6b8143-2a84-4475-885f-7fdfc045a294,leftBox:5b6b8143-2a84-4475-885f-7fdfc045a294,rightBox:5b6b8143-2a84-4475-885f-7fdfc045a294,column:5b6b8143-2a84-4475-885f-7fdfc045a294,placeholder:5b6b8143-2a84-4475-885f-7fdfc045a294,id:5b6b8143-2a84-4475-885f-7fdfc045a294,textPosition:5b6b8143-2a84-4475-885f-7fdfc045a294]"/>
                </mobile>
            </variations>
        </model>
        <related jcr:primaryType="nt:unstructured"/>
    </jcr:content>
</jcr:root>
