{"autoTags":[{"value":"sky","confidence":0.7112930417060852,"isCustom":false},{"value":"background","confidence":0.702256977558136,"isCustom":false},{"value":"night","confidence":0.6964690685272217,"isCustom":false},{"value":"nature","confidence":0.6667166948318481,"isCustom":false},{"value":"black","confidence":0.6607287526130676,"isCustom":false},{"value":"space","confidence":0.6555735468864441,"isCustom":false},{"value":"clouds","confidence":0.6529431939125061,"isCustom":false},{"value":"blue","confidence":0.6403055787086487,"isCustom":false},{"value":"dark","confidence":0.6355218887329102,"isCustom":false},{"value":"mountain","confidence":0.6342311501502991,"isCustom":false},{"value":"moon","confidence":0.6302791833877563,"isCustom":false},{"value":"astronomy","confidence":0.6270407438278198,"isCustom":false},{"value":"landscape","confidence":0.6112576723098755,"isCustom":false},{"value":"star","confidence":0.5938777923583984,"isCustom":false},{"value":"abstract","confidence":0.5902701616287231,"isCustom":false},{"value":"stars","confidence":0.5893346071243286,"isCustom":false},{"value":"cloud","confidence":0.5843462347984314,"isCustom":false},{"value":"ocean","confidence":0.572380006313324,"isCustom":false},{"value":"sea","confidence":0.5685187578201294,"isCustom":false},{"value":"light","confidence":0.5677217245101929,"isCustom":false},{"value":"galaxy","confidence":0.5530652403831482,"isCustom":false},{"value":"water","confidence":0.5401288866996765,"isCustom":false},{"value":"sunset","confidence":0.5341529846191406,"isCustom":false},{"value":"silhouette","confidence":0.5317116379737854,"isCustom":false},{"value":"north","confidence":0.531518816947937,"isCustom":false}]}
