{"autoTags":[{"value":"mountain","confidence":0.8118191361427307,"isCustom":false},{"value":"mountains","confidence":0.7560644149780273,"isCustom":false},{"value":"landscape","confidence":0.7512848973274231,"isCustom":false},{"value":"snow","confidence":0.7317600250244141,"isCustom":false},{"value":"nature","confidence":0.7301288843154907,"isCustom":false},{"value":"sky","confidence":0.7030647993087769,"isCustom":false},{"value":"blue","confidence":0.699466347694397,"isCustom":false},{"value":"peak","confidence":0.6718000173568726,"isCustom":false},{"value":"clouds","confidence":0.6539402604103088,"isCustom":false},{"value":"water","confidence":0.630460798740387,"isCustom":false},{"value":"high","confidence":0.6214842200279236,"isCustom":false},{"value":"ice","confidence":0.6025577783584595,"isCustom":false},{"value":"background","confidence":0.602374255657196,"isCustom":false},{"value":"travel","confidence":0.599316418170929,"isCustom":false},{"value":"white","confidence":0.5861128568649292,"isCustom":false},{"value":"himalaya","confidence":0.5858051180839539,"isCustom":false},{"value":"cold","confidence":0.5842996835708618,"isCustom":false},{"value":"alps","confidence":0.583599328994751,"isCustom":false},{"value":"nepal","confidence":0.5827929973602295,"isCustom":false},{"value":"view","confidence":0.5787559151649475,"isCustom":false},{"value":"outdoor","confidence":0.578203558921814,"isCustom":false},{"value":"glacier","confidence":0.577094554901123,"isCustom":false},{"value":"rock","confidence":0.5762417912483215,"isCustom":false},{"value":"alpine","confidence":0.5701248645782471,"isCustom":false},{"value":"peaks","confidence":0.5643805861473083,"isCustom":false}]}
