{"colorTags":{"Mud_Green":{"coverage":0.2706,"rgb":{"blue":10,"green":46,"red":55}},"Light_Blue":{"coverage":0.0672,"rgb":{"blue":171,"green":155,"red":136}},"Black":{"coverage":0.0869,"rgb":{"blue":12,"green":18,"red":20}},"Cream":{"coverage":0.0661,"rgb":{"blue":205,"green":228,"red":238}},"Royal_Blue":{"coverage":0.1307,"rgb":{"blue":126,"green":102,"red":72}},"Dark_Blue":{"coverage":0.1775,"rgb":{"blue":78,"green":58,"red":32}},"Gray":{"coverage":0.2011,"rgb":{"blue":161,"green":157,"red":158}}}}
