{"autoTags":[{"value":"mountain","confidence":0.794104814529419,"isCustom":false},{"value":"hiking","confidence":0.7459478378295898,"isCustom":false},{"value":"nature","confidence":0.7033432126045227,"isCustom":false},{"value":"adventure","confidence":0.6905032396316528,"isCustom":false},{"value":"landscape","confidence":0.6788163781166077,"isCustom":false},{"value":"people","confidence":0.6731981635093689,"isCustom":false},{"value":"travel","confidence":0.6631507277488708,"isCustom":false},{"value":"hike","confidence":0.6599917411804199,"isCustom":false},{"value":"man","confidence":0.6565337181091309,"isCustom":false},{"value":"hiker","confidence":0.6535036563873291,"isCustom":false},{"value":"outdoors","confidence":0.6504133939743042,"isCustom":false},{"value":"summer","confidence":0.6445567011833191,"isCustom":false},{"value":"mountains","confidence":0.6405133008956909,"isCustom":false},{"value":"backpack","confidence":0.6342616081237793,"isCustom":false},{"value":"couple","confidence":0.6306698322296143,"isCustom":false},{"value":"bike","confidence":0.6282057762145996,"isCustom":false},{"value":"adult","confidence":0.6267386078834534,"isCustom":false},{"value":"view","confidence":0.624221682548523,"isCustom":false},{"value":"bicycle","confidence":0.6233675479888916,"isCustom":false},{"value":"rock","confidence":0.6217239499092102,"isCustom":false},{"value":"walking","confidence":0.6200487613677979,"isCustom":false},{"value":"tourist","confidence":0.6182258725166321,"isCustom":false},{"value":"woman","confidence":0.6177187561988831,"isCustom":false},{"value":"sport","confidence":0.6105795502662659,"isCustom":false},{"value":"girl","confidence":0.5929749608039856,"isCustom":false}]}
