<?xml version="1.0" encoding="UTF-8"?>
<jcr:root xmlns:jcr="http://www.jcp.org/jcr/1.0" xmlns:nt="http://www.jcp.org/jcr/nt/1.0" xmlns:granite="http://www.adobe.com/jcr/granite/1.0" xmlns:cq="http://www.day.com/jcr/cq/1.0" xmlns:sling="http://sling.apache.org/jcr/sling/1.0"
    jcr:primaryType="cq:Template"
    allowedPaths="[/content/entities(/.*)?]"
    ranking="{Long}100">
    <jcr:content
        cq:lastModified="{Date}1291-08-01T00:00:00.000Z"
        cq:lastModifiedBy="Adobe"
        cq:lastReplicated="{Date}1291-08-01T00:00:00.000Z"
        cq:lastReplicated_publish="{Date}1291-08-01T00:00:00.000Z"
        cq:lastReplicatedBy="Adobe"
        cq:lastReplicatedBy_publish="Adobe"
        cq:lastReplicationAction="Activate"
        cq:lastReplicationAction_publish="Activate"
        cq:scaffolding="/conf/sample-wknd-app/settings/dam/cfm/models/panel-menu-item/jcr:content/model"
        cq:templateType="/libs/settings/dam/cfm/model-types/fragment"
        jcr:primaryType="cq:PageContent"
        jcr:title="Panel Menu Item"
        externalPreviewUrlPattern="https://app.wknd.site/?authorHost=${contentFragment.authorURL}&amp;publishHost=${contentFragment.publishURL}"
        sling:resourceSuperType="dam/cfm/models/console/components/data/entity"
        sling:resourceType="dam/cfm/models/console/components/data/entity/default"
        isLocked="{Boolean}true"
        status="enabled">
        <metadata jcr:primaryType="nt:unstructured"/>
        <model
            cq:targetPath="/content/entities"
            jcr:primaryType="cq:PageContent"
            sling:resourceType="wcm/scaffolding/components/scaffolding"
            dataTypesConfig="/mnt/overlay/settings/dam/cfm/models/formbuilderconfig/datatypes"
            maxGeneratedOrder="20">
            <cq:dialog
                jcr:primaryType="nt:unstructured"
                sling:resourceType="cq/gui/components/authoring/dialog">
                <content
                    jcr:lastModified="{Date}1291-08-01T00:00:00.000Z"
                    jcr:lastModifiedBy="Adobe"
                    jcr:primaryType="nt:unstructured"
                    sling:resourceType="granite/ui/components/coral/foundation/fixedcolumns">
                    <items
                        jcr:primaryType="nt:unstructured"
                        maxGeneratedOrder="21">
                        <_x0031_663160435525
                            jcr:primaryType="nt:unstructured"
                            sling:resourceType="granite/ui/components/coral/foundation/form/textfield"
                            fieldLabel="Text"
                            listOrder="1"
                            maxlength="255"
                            metaType="text-single"
                            name="text"
                            renderReadOnly="false"
                            required="on"
                            showEmptyInReadOnly="true"
                            valueType="string">
                            <granite:data jcr:primaryType="nt:unstructured"/>
                        </_x0031_663160435525>
                        <_x0031_663160487468
                            jcr:primaryType="nt:unstructured"
                            sling:resourceType="granite/ui/components/coral/foundation/form/textfield"
                            fieldLabel="Link"
                            listOrder="1"
                            maxlength="255"
                            metaType="text-single"
                            name="link"
                            renderReadOnly="false"
                            required="on"
                            showEmptyInReadOnly="true"
                            valueType="string">
                            <granite:data jcr:primaryType="nt:unstructured"/>
                        </_x0031_663160487468>
                        <_x0031_663578963431
                            jcr:primaryType="nt:unstructured"
                            sling:resourceType="granite/ui/components/coral/foundation/form/textfield"
                            fieldLabel="Menu Item ID"
                            listOrder="21"
                            maxlength="255"
                            metaType="text-single"
                            name="menuItemId"
                            renderReadOnly="false"
                            required="on"
                            showEmptyInReadOnly="true"
                            validation="cfm.validation.custom"
                            valueType="string">
                            <granite:data
                                jcr:primaryType="nt:unstructured"
                                customErrorMsg="IDs may only contain letters, numbers, dashes, and underscores."
                                validationRegex="^[A-Za-z]+[\\w\\-]*$"/>
                        </_x0031_663578963431>
                    </items>
                </content>
            </cq:dialog>
        </model>
        <change-register jcr:primaryType="nt:unstructured"/>
    </jcr:content>
</jcr:root>
