<?xml version="1.0" encoding="UTF-8"?>
<jcr:root xmlns:jcr="http://www.jcp.org/jcr/1.0" xmlns:dam="http://www.day.com/dam/1.0" xmlns:nt="http://www.jcp.org/jcr/nt/1.0" xmlns:mix="http://www.jcp.org/jcr/mix/1.0" xmlns:cq="http://www.day.com/jcr/cq/1.0"
    jcr:isCheckedOut="{Boolean}true"
    jcr:mixinTypes="[mix:referenceable,mix:versionable]"
    jcr:primaryType="dam:Asset"
    jcr:uuid="ef21f2f4-e740-476e-a2b3-1088cd195ed1">
    <jcr:content
        cq:lastReplicated="{Date}2022-08-01T00:00:00.000Z"
        cq:lastReplicated_publish="{Date}2022-08-01T00:00:00.000Z"
        cq:lastReplicatedBy="Adobe"
        cq:lastReplicatedBy_publish="Adobe"
        cq:lastReplicationAction="Activate"
        cq:lastReplicationAction_publish="Activate"
        cq:name="mtnBikerInCanyonBackground"
        cq:parentPath="/content/dam/sample-wknd-app/en/content-fragments/panel-backgrounds"
        dam:processingId="3ad7cb02-9115-4a09-8573-8b6e7802e802"
        dam:processingRenditions="[cq5dam.thumbnail.319.319.png,cqdam.machine.metadata.tags.json,cqdam.metadata.xml,cq5dam.web.1280.1280.jpeg,cqdam.machine.metadata.features.json,cqdam.machine.metadata.colors.json,cq5dam.thumbnail.140.100.png,cqdam.text.txt,cq5dam.thumbnail.48.48.png,cq5dam.zoom.2048.2048.jpeg]"
        dam:processingRequestedDate="{Date}2022-09-16T07:23:03.680Z"
        dam:runPostProcess="{Boolean}true"
        jcr:lastModified="{Date}2022-08-01T00:00:00.000Z"
        jcr:lastModifiedBy="Adobe"
        jcr:primaryType="dam:AssetContent"
        jcr:title="Mtn Biker in Canyon Background"
        contentFragment="{Boolean}true"
        lastFragmentSave="{Date}2022-10-06T13:26:31.222Z">
        <data
            cq:model="/conf/sample-wknd-app/settings/dam/cfm/models/panel-background"
            jcr:primaryType="nt:unstructured">
            <master
                jcr:mixinTypes="[cq:Taggable,dam:cfVariationNode]"
                jcr:primaryType="nt:unstructured"
                altText="sky"
                altText_x0040_LastModified="{Date}2022-09-13T13:39:02.697Z"
                backgroundContent="/content/dam/sample-wknd-app/en/image-files/sky.jpg"
                backgroundContent_x0040_LastModified="{Date}2022-10-04T13:37:30.507Z"
                color_x0040_LastModified="{Date}2022-09-13T13:38:38.098Z"
                isVideo="{Boolean}false"
                isVideo_x0040_LastModified="{Date}2022-09-21T13:03:57.750Z"
                path="/WKND SPA/Outdoor Passion/Scene 1/sky.webp"
                path_x0040_LastModified="{Date}2022-09-23T08:17:06.683Z"/>
            <mobile
                jcr:mixinTypes="[cq:Taggable,dam:cfVariationNode]"
                jcr:primaryType="nt:unstructured"
                _x0040_variationCreationDate="{Date}2022-09-21T13:04:08.353Z"
                altText="sky"
                altText_x0040_LastModified="{Date}2022-09-21T13:04:08.355Z"
                backgroundContent="/content/dam/sample-wknd-app/en/image-files/sky_m.jpg"
                backgroundContent_x0040_LastModified="{Date}2022-10-06T13:26:31.048Z"
                color_x0040_LastModified="{Date}2022-09-21T13:04:08.353Z"
                isVideo="{Boolean}false"
                isVideo_x0040_LastModified="{Date}2022-09-21T13:04:08.354Z"
                path="/WKND SPA/Outdoor Passion/Scene 1/sky_m.webp"
                path_x0040_LastModified="{Date}2022-09-23T08:18:42.468Z"
                videoHeight_x0040_LastModified="{Date}2022-09-21T13:04:08.355Z"
                videoWidth_x0040_LastModified="{Date}2022-09-21T13:04:08.354Z"/>
        </data>
        <metadata
            jcr:mixinTypes="[cq:Taggable]"
            jcr:primaryType="nt:unstructured"/>
        <model jcr:primaryType="nt:unstructured">
            <variations jcr:primaryType="nt:unstructured">
                <mobile
                    jcr:description="\0"
                    jcr:mixinTypes="[cq:Taggable]"
                    jcr:primaryType="nt:unstructured"
                    jcr:title="mobile"
                    name="mobile">
                    <properties
                        jcr:primaryType="nt:unstructured"
                        synchronizeWithVersion="[color:b818cd89-fbc8-4a7f-8956-928c7b677547,isVideo:b818cd89-fbc8-4a7f-8956-928c7b677547,path:b818cd89-fbc8-4a7f-8956-928c7b677547,videoWidth:b818cd89-fbc8-4a7f-8956-928c7b677547,videoHeight:b818cd89-fbc8-4a7f-8956-928c7b677547,altText:b818cd89-fbc8-4a7f-8956-928c7b677547]"/>
                </mobile>
            </variations>
        </model>
        <related jcr:primaryType="nt:unstructured"/>
    </jcr:content>
</jcr:root>
