<?xml version="1.0" encoding="UTF-8"?>
<jcr:root xmlns:jcr="http://www.jcp.org/jcr/1.0" xmlns:dam="http://www.day.com/dam/1.0" xmlns:nt="http://www.jcp.org/jcr/nt/1.0" xmlns:mix="http://www.jcp.org/jcr/mix/1.0" xmlns:cq="http://www.day.com/jcr/cq/1.0"
    jcr:isCheckedOut="{Boolean}true"
    jcr:mixinTypes="[mix:referenceable,mix:versionable]"
    jcr:primaryType="dam:Asset"
    jcr:uuid="7676c35e-43c0-4c9a-a33e-51c312f1159c">
    <jcr:content
        cq:lastReplicated="{Date}2022-08-01T00:00:00.000Z"
        cq:lastReplicated_publish="{Date}2022-08-01T00:00:00.000Z"
        cq:lastReplicatedBy="Adobe"
        cq:lastReplicatedBy_publish="Adobe"
        cq:lastReplicationAction="Activate"
        cq:lastReplicationAction_publish="Activate"
        cq:name="arcticCampingMtnFore"
        cq:parentPath="/content/dam/sample-wknd-app/en/content-fragments/image-layers"
        dam:processingId="c572e12f-280f-4d8b-8c1d-56496cddf607"
        dam:processingRenditions="[cqdam.machine.metadata.tags.json,cqdam.machine.metadata.features.json,cqdam.text.txt,cq5dam.zoom.2048.2048.jpeg,cq5dam.thumbnail.140.100.png,cq5dam.thumbnail.48.48.png,cq5dam.thumbnail.319.319.png,cq5dam.web.1280.1280.jpeg,cqdam.machine.metadata.colors.json,cqdam.metadata.xml]"
        dam:processingRequestedDate="{Date}2022-09-16T09:07:34.799Z"
        dam:runPostProcess="{Boolean}true"
        jcr:lastModified="{Date}2022-08-01T00:00:00.000Z"
        jcr:lastModifiedBy="Adobe"
        jcr:primaryType="dam:AssetContent"
        jcr:title="Arctic Camping Mtn Fore"
        contentFragment="{Boolean}true"
        lastFragmentSave="{Date}2022-10-06T14:52:49.040Z">
        <data
            cq:model="/conf/sample-wknd-app/settings/dam/cfm/models/imagelayer"
            jcr:primaryType="nt:unstructured">
            <master
                jcr:mixinTypes="[cq:Taggable,dam:cfVariationNode]"
                jcr:primaryType="nt:unstructured"
                altText="mountain3"
                altText_x0040_ContentType="text/plain"
                altText_x0040_LastModified="{Date}2022-09-16T09:07:17.196Z"
                basePosition="bottom-right"
                basePosition_x0040_LastModified="{Date}2022-09-16T09:07:34.624Z"
                fit="contain"
                fit_x0040_LastModified="{Date}2022-10-06T14:52:48.871Z"
                forceLoad="{Boolean}false"
                forceLoad_x0040_LastModified="{Date}2022-10-04T14:03:40.876Z"
                id="mountain3"
                id_x0040_LastModified="{Date}2022-09-16T09:07:17.196Z"
                image="/content/dam/sample-wknd-app/en/image-files/mountain3.png"
                image_x0040_LastModified="{Date}2022-10-06T14:18:28.244Z"
                layerId="mountain3-layer"
                layerId_x0040_LastModified="{Date}2022-09-16T09:07:17.197Z"
                overflow="{Boolean}false"
                overflow_x0040_LastModified="{Date}2022-09-16T09:07:17.198Z"
                path="/WKND SPA/Into The Nature/Scene 1/Mountains/mountain3.webp"
                path_x0040_LastModified="{Date}2022-09-23T08:15:19.532Z"
                placeholder_x0040_LastModified="{Date}2022-09-16T09:06:49.746Z"/>
            <mobile
                jcr:mixinTypes="[cq:Taggable,dam:cfVariationNode]"
                jcr:primaryType="nt:unstructured"
                _x0040_variationCreationDate="{Date}2022-10-06T14:17:46.328Z"
                altText="mountain3"
                altText_x0040_ContentType="text/plain"
                altText_x0040_LastModified="{Date}2022-10-06T14:17:46.332Z"
                basePosition="bottom-right"
                basePosition_x0040_LastModified="{Date}2022-10-06T14:17:46.333Z"
                fit="scale-down"
                fit_x0040_LastModified="{Date}2022-10-06T14:17:46.334Z"
                forceLoad="{Boolean}false"
                forceLoad_x0040_LastModified="{Date}2022-10-06T14:17:46.334Z"
                id="mountain3"
                id_x0040_LastModified="{Date}2022-10-06T14:17:46.332Z"
                image="/content/dam/sample-wknd-app/en/image-files/mountain3_m.png"
                image_x0040_LastModified="{Date}2022-10-06T14:17:46.331Z"
                layerId="mountain3-layer"
                layerId_x0040_LastModified="{Date}2022-10-06T14:17:46.333Z"
                overflow="{Boolean}false"
                overflow_x0040_LastModified="{Date}2022-10-06T14:17:46.334Z"
                placeholder_x0040_LastModified="{Date}2022-10-06T14:17:46.332Z"/>
        </data>
        <metadata
            jcr:mixinTypes="[cq:Taggable]"
            jcr:primaryType="nt:unstructured"/>
        <model jcr:primaryType="nt:unstructured">
            <variations jcr:primaryType="nt:unstructured">
                <mobile
                    jcr:description="\0"
                    jcr:mixinTypes="[cq:Taggable]"
                    jcr:primaryType="nt:unstructured"
                    jcr:title="mobile"
                    name="mobile">
                    <properties
                        jcr:primaryType="nt:unstructured"
                        synchronizeWithVersion="[placeholder:f6b0c3bf-61e5-40d0-9447-a83ab71fcb40,image:f6b0c3bf-61e5-40d0-9447-a83ab71fcb40,altText:f6b0c3bf-61e5-40d0-9447-a83ab71fcb40,placeholder:f6b0c3bf-61e5-40d0-9447-a83ab71fcb40,id:f6b0c3bf-61e5-40d0-9447-a83ab71fcb40,layerId:f6b0c3bf-61e5-40d0-9447-a83ab71fcb40,basePosition:f6b0c3bf-61e5-40d0-9447-a83ab71fcb40,overflow:f6b0c3bf-61e5-40d0-9447-a83ab71fcb40,fit:f6b0c3bf-61e5-40d0-9447-a83ab71fcb40,forceLoad:f6b0c3bf-61e5-40d0-9447-a83ab71fcb40]"/>
                </mobile>
            </variations>
        </model>
        <related jcr:primaryType="nt:unstructured"/>
    </jcr:content>
</jcr:root>
