{"autoTags":[{"value":"mountain","confidence":0.8891348242759705,"isCustom":false},{"value":"snow","confidence":0.8737793564796448,"isCustom":false},{"value":"peak","confidence":0.7627215385437012,"isCustom":false},{"value":"landscape","confidence":0.761329710483551,"isCustom":false},{"value":"sky","confidence":0.7555493116378784,"isCustom":false},{"value":"nature","confidence":0.7510897517204285,"isCustom":false},{"value":"mountains","confidence":0.7448081970214844,"isCustom":false},{"value":"blue","confidence":0.7338194847106934,"isCustom":false},{"value":"ice","confidence":0.7162357568740845,"isCustom":false},{"value":"winter","confidence":0.7110628485679626,"isCustom":false},{"value":"glacier","confidence":0.7086755037307739,"isCustom":false},{"value":"alps","confidence":0.6884559392929077,"isCustom":false},{"value":"high","confidence":0.6743901968002319,"isCustom":false},{"value":"himalaya","confidence":0.659744918346405,"isCustom":false},{"value":"nepal","confidence":0.6515440940856934,"isCustom":false},{"value":"mount","confidence":0.6476331949234009,"isCustom":false},{"value":"cold","confidence":0.6409966945648193,"isCustom":false},{"value":"white","confidence":0.6284797787666321,"isCustom":false},{"value":"travel","confidence":0.6283700466156006,"isCustom":false},{"value":"rocks","confidence":0.6278703212738037,"isCustom":false},{"value":"clouds","confidence":0.6259751319885254,"isCustom":false},{"value":"snowy","confidence":0.6255323886871338,"isCustom":false},{"value":"rock","confidence":0.6254380345344543,"isCustom":false},{"value":"himalayas","confidence":0.6103829145431519,"isCustom":false},{"value":"summit","confidence":0.604721188545227,"isCustom":false}]}
