<?xml version="1.0" encoding="UTF-8"?>
<jcr:root xmlns:jcr="http://www.jcp.org/jcr/1.0" xmlns:dam="http://www.day.com/dam/1.0" xmlns:nt="http://www.jcp.org/jcr/nt/1.0" xmlns:mix="http://www.jcp.org/jcr/mix/1.0" xmlns:cq="http://www.day.com/jcr/cq/1.0"
    jcr:isCheckedOut="{Boolean}true"
    jcr:mixinTypes="[mix:referenceable,mix:versionable]"
    jcr:primaryType="dam:Asset"
    jcr:uuid="db315643-78b2-4580-aafc-5a218e04a3b2">
    <jcr:content
        cq:lastReplicated="{Date}2022-08-01T00:00:00.000Z"
        cq:lastReplicated_publish="{Date}2022-08-01T00:00:00.000Z"
        cq:lastReplicatedBy="Adobe"
        cq:lastReplicatedBy_publish="Adobe"
        cq:lastReplicationAction="Activate"
        cq:lastReplicationAction_publish="Activate"
        cq:name="hikerOnWkndYellowTitle"
        cq:parentPath="/content/dam/sample-wknd-app/en/content-fragments/text-items"
        dam:processingId="788f2d30-4d54-49ef-8cdb-692eb0b612f8"
        dam:processingRenditions="[cqdam.machine.metadata.tags.json,cqdam.machine.metadata.features.json,cq5dam.thumbnail.140.100.png,cqdam.text.txt,cq5dam.thumbnail.48.48.png,cqdam.machine.metadata.colors.json,cqdam.metadata.xml,cq5dam.web.1280.1280.jpeg,cq5dam.zoom.2048.2048.jpeg,cq5dam.thumbnail.319.319.png]"
        dam:processingRequestedDate="{Date}2022-09-16T08:21:13.091Z"
        dam:runPostProcess="{Boolean}true"
        jcr:lastModified="{Date}2022-08-01T00:00:00.000Z"
        jcr:lastModifiedBy="Adobe"
        jcr:primaryType="dam:AssetContent"
        jcr:title="Hiker on WKND Yellow Title"
        contentFragment="{Boolean}true"
        lastFragmentSave="{Date}2022-10-06T12:11:08.679Z">
        <data
            cq:model="/conf/sample-wknd-app/settings/dam/cfm/models/textitem"
            jcr:primaryType="nt:unstructured">
            <master
                jcr:mixinTypes="[cq:Taggable,dam:cfVariationNode]"
                jcr:primaryType="nt:unstructured"
                content="Unforgettable experiences, expertly crafted"
                content_x0040_ContentType="text/plain"
                content_x0040_LastModified="{Date}2022-09-16T08:21:12.899Z"
                styles="[thin]"
                styles_x0040_LastModified="{Date}2022-09-16T08:21:12.899Z"
                type="h2"
                type_x0040_LastModified="{Date}2022-09-16T08:21:12.898Z"/>
            <mobile
                jcr:mixinTypes="[cq:Taggable,dam:cfVariationNode]"
                jcr:primaryType="nt:unstructured"
                _x0040_variationCreationDate="{Date}2022-09-22T12:45:24.878Z"
                content="Unforgettable experiences, expertly crafted"
                content_x0040_ContentType="text/plain"
                content_x0040_LastModified="{Date}2022-09-22T12:45:24.889Z"
                id_x0040_LastModified="{Date}2022-09-22T12:45:24.892Z"
                styles="[thin,alignCenter]"
                styles_x0040_LastModified="{Date}2022-09-22T12:45:33.011Z"
                type="h2"
                type_x0040_LastModified="{Date}2022-09-22T12:45:24.888Z"/>
        </data>
        <metadata
            jcr:mixinTypes="[cq:Taggable]"
            jcr:primaryType="nt:unstructured"/>
        <model jcr:primaryType="nt:unstructured">
            <variations jcr:primaryType="nt:unstructured">
                <mobile
                    jcr:description="\0"
                    jcr:mixinTypes="[cq:Taggable]"
                    jcr:primaryType="nt:unstructured"
                    jcr:title="mobile"
                    name="mobile">
                    <properties
                        jcr:primaryType="nt:unstructured"
                        synchronizeWithVersion="[type:d1eab24f-c677-4d3e-81c4-faeb9e6d91a8,content:d1eab24f-c677-4d3e-81c4-faeb9e6d91a8,styles:d1eab24f-c677-4d3e-81c4-faeb9e6d91a8,id:d1eab24f-c677-4d3e-81c4-faeb9e6d91a8]"/>
                </mobile>
            </variations>
        </model>
        <related jcr:primaryType="nt:unstructured"/>
    </jcr:content>
</jcr:root>
