<?xml version="1.0" encoding="UTF-8"?>
<jcr:root xmlns:jcr="http://www.jcp.org/jcr/1.0" xmlns:dam="http://www.day.com/dam/1.0" xmlns:nt="http://www.jcp.org/jcr/nt/1.0" xmlns:mix="http://www.jcp.org/jcr/mix/1.0" xmlns:cq="http://www.day.com/jcr/cq/1.0"
    jcr:isCheckedOut="{Boolean}true"
    jcr:mixinTypes="[mix:referenceable,mix:versionable]"
    jcr:primaryType="dam:Asset"
    jcr:uuid="8467e4b8-32fc-4005-8063-dcc4c65aae16">
    <jcr:content
        cq:lastReplicated="{Date}2022-08-01T00:00:00.000Z"
        cq:lastReplicated_publish="{Date}2022-08-01T00:00:00.000Z"
        cq:lastReplicatedBy="Adobe"
        cq:lastReplicatedBy_publish="Adobe"
        cq:lastReplicationAction="Activate"
        cq:lastReplicationAction_publish="Activate"
        cq:name="mtnBikersVideo"
        cq:parentPath="/content/dam/sample-wknd-app/en/content-fragments/panel-backgrounds"
        dam:processingId="046ec9de-34d7-4957-b038-202f11c5d1e8"
        dam:processingRenditions="[cq5dam.zoom.2048.2048.jpeg,cq5dam.thumbnail.48.48.png,cqdam.machine.metadata.tags.json,cqdam.text.txt,cq5dam.thumbnail.319.319.png,cq5dam.thumbnail.140.100.png,cq5dam.web.1280.1280.jpeg,cqdam.machine.metadata.features.json,cqdam.metadata.xml,cqdam.machine.metadata.colors.json]"
        dam:processingRequestedDate="{Date}2022-09-16T07:36:24.811Z"
        dam:runPostProcess="{Boolean}true"
        jcr:lastModified="{Date}2022-08-01T00:00:00.000Z"
        jcr:lastModifiedBy="Adobe"
        jcr:primaryType="dam:AssetContent"
        jcr:title="Mtn Bikers Video"
        contentFragment="{Boolean}true"
        lastFragmentSave="{Date}2022-10-06T13:26:11.755Z">
        <data
            cq:model="/conf/sample-wknd-app/settings/dam/cfm/models/panel-background"
            jcr:primaryType="nt:unstructured">
            <master
                jcr:mixinTypes="[cq:Taggable,dam:cfVariationNode]"
                jcr:primaryType="nt:unstructured"
                altText_x0040_LastModified="{Date}2022-09-15T09:41:33.013Z"
                backgroundContent="/content/dam/sample-wknd-app/en/image-files/biker video.mp4"
                backgroundContent_x0040_LastModified="{Date}2022-10-04T13:38:39.180Z"
                color_x0040_LastModified="{Date}2022-09-15T09:41:33.013Z"
                isVideo="{Boolean}true"
                isVideo_x0040_LastModified="{Date}2022-09-21T11:46:52.292Z"
                path="https://video.tv.adobe.com/v/3409386/"
                path_x0040_LastModified="{Date}2022-09-21T11:46:52.301Z"
                videoHeight="{Double}2160.0"
                videoHeight_x0040_LastModified="{Date}2022-09-21T11:46:52.332Z"
                videoWidth="{Double}4096.0"
                videoWidth_x0040_LastModified="{Date}2022-09-21T11:46:52.306Z"/>
            <mobile
                jcr:mixinTypes="[cq:Taggable,dam:cfVariationNode]"
                jcr:primaryType="nt:unstructured"
                _x0040_variationCreationDate="{Date}2022-09-21T11:56:16.653Z"
                altText_x0040_LastModified="{Date}2022-09-21T11:56:16.662Z"
                backgroundContent="/content/dam/sample-wknd-app/en/image-files/AdobeStock_427738038.jpg"
                backgroundContent_x0040_LastModified="{Date}2022-10-06T13:26:11.587Z"
                color_x0040_LastModified="{Date}2022-09-21T11:56:16.660Z"
                isVideo="{Boolean}true"
                isVideo_x0040_LastModified="{Date}2022-09-27T20:55:40.964Z"
                path="https://video.tv.adobe.com/v/3409386/"
                path_x0040_LastModified="{Date}2022-09-27T20:55:40.970Z"
                videoHeight_x0040_LastModified="{Date}2022-09-21T11:57:52.057Z"
                videoWidth_x0040_LastModified="{Date}2022-09-21T11:57:52.057Z"/>
        </data>
        <metadata
            jcr:mixinTypes="[cq:Taggable]"
            jcr:primaryType="nt:unstructured"/>
        <model jcr:primaryType="nt:unstructured">
            <variations jcr:primaryType="nt:unstructured">
                <mobile
                    jcr:description="\0"
                    jcr:mixinTypes="[cq:Taggable]"
                    jcr:primaryType="nt:unstructured"
                    jcr:title="mobile"
                    name="mobile">
                    <properties
                        jcr:primaryType="nt:unstructured"
                        synchronizeWithVersion="[color:25906c89-57e0-4f48-9316-d6c8d792f51c,isVideo:25906c89-57e0-4f48-9316-d6c8d792f51c,path:25906c89-57e0-4f48-9316-d6c8d792f51c,videoWidth:25906c89-57e0-4f48-9316-d6c8d792f51c,videoHeight:25906c89-57e0-4f48-9316-d6c8d792f51c,altText:25906c89-57e0-4f48-9316-d6c8d792f51c]"/>
                </mobile>
            </variations>
        </model>
        <related jcr:primaryType="nt:unstructured"/>
    </jcr:content>
</jcr:root>
