<?xml version="1.0" encoding="UTF-8"?>
<jcr:root xmlns:jcr="http://www.jcp.org/jcr/1.0" xmlns:dam="http://www.day.com/dam/1.0" xmlns:nt="http://www.jcp.org/jcr/nt/1.0" xmlns:mix="http://www.jcp.org/jcr/mix/1.0" xmlns:cq="http://www.day.com/jcr/cq/1.0"
    jcr:isCheckedOut="{Boolean}true"
    jcr:mixinTypes="[mix:referenceable,mix:versionable]"
    jcr:primaryType="dam:Asset"
    jcr:uuid="fe11373e-f097-4fb1-a474-ead58e9de20a">
    <jcr:content
        cq:lastReplicated="{Date}2022-08-01T00:00:00.000Z"
        cq:lastReplicated_publish="{Date}2022-08-01T00:00:00.000Z"
        cq:lastReplicatedBy="Adobe"
        cq:lastReplicatedBy_publish="Adobe"
        cq:lastReplicationAction="Activate"
        cq:lastReplicationAction_publish="Activate"
        cq:name="arcticCampingTent"
        cq:parentPath="/content/dam/sample-wknd-app/en/content-fragments/image-layers"
        dam:processingId="3740831b-e065-4980-be8f-b6416e9f144e"
        dam:processingRenditions="[cq5dam.thumbnail.48.48.png,cqdam.machine.metadata.tags.json,cqdam.metadata.xml,cqdam.text.txt,cq5dam.thumbnail.140.100.png,cq5dam.thumbnail.319.319.png,cq5dam.web.1280.1280.jpeg,cq5dam.zoom.2048.2048.jpeg,cqdam.machine.metadata.features.json,cqdam.machine.metadata.colors.json]"
        dam:processingRequestedDate="{Date}2022-09-16T09:32:27.607Z"
        dam:runPostProcess="{Boolean}true"
        jcr:lastModified="{Date}2022-08-01T00:00:00.000Z"
        jcr:lastModifiedBy="Adobe"
        jcr:primaryType="dam:AssetContent"
        jcr:title="Arctic Camping Tent"
        contentFragment="{Boolean}true"
        lastFragmentSave="{Date}2022-10-06T13:22:26.467Z">
        <data
            cq:model="/conf/sample-wknd-app/settings/dam/cfm/models/imagelayer"
            jcr:primaryType="nt:unstructured">
            <master
                jcr:mixinTypes="[cq:Taggable,dam:cfVariationNode]"
                jcr:primaryType="nt:unstructured"
                altText="tent"
                altText_x0040_ContentType="text/plain"
                altText_x0040_LastModified="{Date}2022-09-16T09:32:27.426Z"
                basePosition="bottom-center"
                basePosition_x0040_LastModified="{Date}2022-09-16T09:32:27.427Z"
                fit="cover"
                fit_x0040_LastModified="{Date}2022-09-16T09:32:27.428Z"
                forceLoad="{Boolean}true"
                forceLoad_x0040_LastModified="{Date}2022-09-28T08:05:07.898Z"
                id="tent"
                id_x0040_LastModified="{Date}2022-09-16T09:32:27.427Z"
                image="/content/dam/sample-wknd-app/en/image-files/tent.png"
                image_x0040_LastModified="{Date}2022-10-04T14:05:05.708Z"
                layerId="tent-layer"
                layerId_x0040_LastModified="{Date}2022-09-16T09:32:27.427Z"
                overflow="{Boolean}false"
                overflow_x0040_LastModified="{Date}2022-09-16T09:32:27.428Z"
                path="/WKND SPA/Into The Nature/Scene 1/Tent/tent.webp"
                path_x0040_LastModified="{Date}2022-09-23T08:15:15.135Z"
                placeholder_x0040_LastModified="{Date}2022-09-16T09:31:49.281Z"/>
            <mobile
                jcr:mixinTypes="[cq:Taggable,dam:cfVariationNode]"
                jcr:primaryType="nt:unstructured"
                _x0040_variationCreationDate="{Date}2022-10-04T14:05:09.421Z"
                altText="tent"
                altText_x0040_ContentType="text/plain"
                altText_x0040_LastModified="{Date}2022-10-04T14:05:09.441Z"
                basePosition="bottom-center"
                basePosition_x0040_LastModified="{Date}2022-10-04T14:05:09.443Z"
                fit="cover"
                fit_x0040_LastModified="{Date}2022-10-04T14:05:09.444Z"
                forceLoad="{Boolean}true"
                forceLoad_x0040_LastModified="{Date}2022-10-04T14:05:09.444Z"
                id="tent"
                id_x0040_LastModified="{Date}2022-10-04T14:05:09.442Z"
                image="/content/dam/sample-wknd-app/en/image-files/tent_m.png"
                image_x0040_LastModified="{Date}2022-10-06T13:22:26.303Z"
                layerId="tent-layer"
                layerId_x0040_LastModified="{Date}2022-10-04T14:05:09.443Z"
                overflow="{Boolean}false"
                overflow_x0040_LastModified="{Date}2022-10-04T14:05:09.444Z"
                path="/WKND SPA/Into The Nature/Scene 1/Tent/tent.webp"
                path_x0040_LastModified="{Date}2022-10-04T14:05:09.440Z"
                placeholder_x0040_LastModified="{Date}2022-10-04T14:05:09.442Z"/>
        </data>
        <metadata
            jcr:mixinTypes="[cq:Taggable]"
            jcr:primaryType="nt:unstructured"/>
        <model jcr:primaryType="nt:unstructured">
            <variations jcr:primaryType="nt:unstructured">
                <mobile
                    jcr:description="\0"
                    jcr:mixinTypes="[cq:Taggable]"
                    jcr:primaryType="nt:unstructured"
                    jcr:title="mobile"
                    name="mobile">
                    <properties
                        jcr:primaryType="nt:unstructured"
                        synchronizeWithVersion="[placeholder:fca87adc-ecf8-477d-92a2-606c83e9a96b,path:fca87adc-ecf8-477d-92a2-606c83e9a96b,image:fca87adc-ecf8-477d-92a2-606c83e9a96b,altText:fca87adc-ecf8-477d-92a2-606c83e9a96b,placeholder:fca87adc-ecf8-477d-92a2-606c83e9a96b,id:fca87adc-ecf8-477d-92a2-606c83e9a96b,layerId:fca87adc-ecf8-477d-92a2-606c83e9a96b,basePosition:fca87adc-ecf8-477d-92a2-606c83e9a96b,overflow:fca87adc-ecf8-477d-92a2-606c83e9a96b,fit:fca87adc-ecf8-477d-92a2-606c83e9a96b,forceLoad:fca87adc-ecf8-477d-92a2-606c83e9a96b]"/>
                </mobile>
            </variations>
        </model>
        <related jcr:primaryType="nt:unstructured"/>
    </jcr:content>
</jcr:root>
