{"autoTags":[{"value":"motorcycle","confidence":0.7188810110092163,"isCustom":false},{"value":"biker","confidence":0.6622881889343262,"isCustom":false},{"value":"bike","confidence":0.6081227660179138,"isCustom":false},{"value":"isolated","confidence":0.5953033566474915,"isCustom":false},{"value":"speed","confidence":0.5946173667907715,"isCustom":false},{"value":"transportation","confidence":0.5879809260368347,"isCustom":false},{"value":"riding","confidence":0.5816689133644104,"isCustom":false},{"value":"man","confidence":0.5778513550758362,"isCustom":false},{"value":"black","confidence":0.576990008354187,"isCustom":false},{"value":"young","confidence":0.559432864189148,"isCustom":false},{"value":"chopper","confidence":0.5577414035797119,"isCustom":false},{"value":"winter","confidence":0.551535427570343,"isCustom":false},{"value":"vector","confidence":0.5494981408119202,"isCustom":false},{"value":"girl","confidence":0.5489895939826965,"isCustom":false},{"value":"people","confidence":0.5473647117614746,"isCustom":false},{"value":"fun","confidence":0.5429415106773376,"isCustom":false},{"value":"racing","confidence":0.5416933298110962,"isCustom":false},{"value":"illustration","confidence":0.5374026298522949,"isCustom":false},{"value":"ride","confidence":0.5364389419555664,"isCustom":false},{"value":"cycle","confidence":0.529289722442627,"isCustom":false},{"value":"men","confidence":0.5265284180641174,"isCustom":false},{"value":"beautiful","confidence":0.5253344774246216,"isCustom":false},{"value":"helmet","confidence":0.5240193009376526,"isCustom":false},{"value":"motor","confidence":0.5237066149711609,"isCustom":false},{"value":"snow","confidence":0.5230109691619873,"isCustom":false}]}
