<?xml version="1.0" encoding="UTF-8"?>
<jcr:root xmlns:jcr="http://www.jcp.org/jcr/1.0" xmlns:dam="http://www.day.com/dam/1.0" xmlns:nt="http://www.jcp.org/jcr/nt/1.0" xmlns:mix="http://www.jcp.org/jcr/mix/1.0" xmlns:cq="http://www.day.com/jcr/cq/1.0"
    jcr:isCheckedOut="{Boolean}true"
    jcr:mixinTypes="[mix:referenceable,mix:versionable]"
    jcr:primaryType="dam:Asset"
    jcr:uuid="e20341f6-9b55-488c-a7a1-3c36870317bc">
    <jcr:content
        cq:lastReplicated="{Date}2022-08-01T00:00:00.000Z"
        cq:lastReplicated_publish="{Date}2022-08-01T00:00:00.000Z"
        cq:lastReplicatedBy="Adobe"
        cq:lastReplicatedBy_publish="Adobe"
        cq:lastReplicationAction="Activate"
        cq:lastReplicationAction_publish="Activate"
        cq:name="mtnBikerInCanyonTitle"
        cq:parentPath="/content/dam/sample-wknd-app/en/content-fragments/text-items"
        dam:processingId="96a5809f-ee37-4c78-96a3-55ca3e827abe"
        dam:processingRenditions="[cqdam.text.txt,cq5dam.zoom.2048.2048.jpeg,cqdam.machine.metadata.tags.json,cqdam.metadata.xml,cq5dam.thumbnail.140.100.png,cq5dam.web.1280.1280.jpeg,cqdam.machine.metadata.features.json,cq5dam.thumbnail.48.48.png,cqdam.machine.metadata.colors.json,cq5dam.thumbnail.319.319.png,cq5dam.preview.pdf]"
        dam:processingRequestedDate="{Date}2022-11-30T19:45:26.229Z"
        dam:runDMProcess="{Boolean}true"
        dam:runPostProcess="{Boolean}true"
        jcr:lastModified="{Date}2022-11-30T19:45:26.213Z"
        jcr:lastModifiedBy="blefebvr@adobe.com"
        jcr:primaryType="dam:AssetContent"
        jcr:title="Mtn Biker in Canyon Title"
        contentFragment="{Boolean}true"
        lastFragmentSave="{Date}2022-11-30T19:45:26.213Z">
        <data
            cq:model="/conf/sample-wknd-app/settings/dam/cfm/models/textitem"
            jcr:primaryType="nt:unstructured">
            <master
                jcr:mixinTypes="[cq:Taggable,dam:cfVariationNode]"
                jcr:primaryType="nt:unstructured"
                content="Your next great adventure is calling"
                content_x0040_ContentType="text/plain"
                content_x0040_LastModified="{Date}2022-11-30T19:45:26.054Z"
                dropdownField="h2"
                dropdownField_x0040_LastModified="{Date}2022-09-13T12:21:00.686Z"
                styles="[thin]"
                styles_x0040_LastModified="{Date}2022-09-19T08:07:02.786Z"
                type="h2"
                type_x0040_LastModified="{Date}2022-09-13T12:59:38.088Z"/>
            <mobile
                jcr:mixinTypes="[cq:Taggable,dam:cfVariationNode]"
                jcr:primaryType="nt:unstructured"
                _x0040_variationCreationDate="{Date}2022-09-20T11:50:47.282Z"
                content="Your next great adventure is calling"
                content_x0040_ContentType="text/plain"
                content_x0040_LastModified="{Date}2022-10-05T12:21:13.719Z"
                id_x0040_LastModified="{Date}2022-09-20T11:50:47.289Z"
                styles="[thin,alignCenter]"
                styles_x0040_LastModified="{Date}2022-09-20T11:50:56.124Z"
                type="h2"
                type_x0040_LastModified="{Date}2022-09-20T11:50:47.288Z"/>
        </data>
        <metadata
            jcr:mixinTypes="[cq:Taggable]"
            jcr:primaryType="nt:unstructured"/>
        <model jcr:primaryType="nt:unstructured">
            <variations jcr:primaryType="nt:unstructured">
                <mobile
                    jcr:description="\0"
                    jcr:mixinTypes="[cq:Taggable]"
                    jcr:primaryType="nt:unstructured"
                    jcr:title="mobile"
                    name="mobile">
                    <properties
                        jcr:primaryType="nt:unstructured"
                        synchronizeWithVersion="[type:97d81fab-ab58-4f39-8f75-17819ccd085f,content:97d81fab-ab58-4f39-8f75-17819ccd085f,styles:97d81fab-ab58-4f39-8f75-17819ccd085f,id:97d81fab-ab58-4f39-8f75-17819ccd085f]"/>
                </mobile>
            </variations>
        </model>
        <related jcr:primaryType="nt:unstructured"/>
    </jcr:content>
</jcr:root>
