<?xml version="1.0" encoding="UTF-8"?>
<jcr:root xmlns:jcr="http://www.jcp.org/jcr/1.0" xmlns:dam="http://www.day.com/dam/1.0" xmlns:nt="http://www.jcp.org/jcr/nt/1.0" xmlns:mix="http://www.jcp.org/jcr/mix/1.0" xmlns:cq="http://www.day.com/jcr/cq/1.0"
    jcr:isCheckedOut="{Boolean}true"
    jcr:mixinTypes="[mix:referenceable,mix:versionable]"
    jcr:primaryType="dam:Asset"
    jcr:uuid="9ed4fdf6-28f6-43c3-8c09-525d2ff2fe37">
    <jcr:content
        cq:lastReplicated="{Date}2022-08-01T00:00:00.000Z"
        cq:lastReplicated_publish="{Date}2022-08-01T00:00:00.000Z"
        cq:lastReplicatedBy="Adobe"
        cq:lastReplicatedBy_publish="Adobe"
        cq:lastReplicationAction="Activate"
        cq:lastReplicationAction_publish="Activate"
        cq:name="mtnBikingBiker"
        cq:parentPath="/content/dam/sample-wknd-app/en/content-fragments/image-layers"
        jcr:lastModified="{Date}2022-11-30T19:43:54.393Z"
        jcr:lastModifiedBy="blefebvr@adobe.com"
        jcr:primaryType="dam:AssetContent"
        jcr:title="Mtn Biking - Biker"
        contentFragment="{Boolean}true"
        lastFragmentSave="{Date}2022-10-07T06:19:43.764Z">
        <data
            cq:model="/conf/sample-wknd-app/settings/dam/cfm/models/imagelayer"
            jcr:primaryType="nt:unstructured">
            <master
                jcr:mixinTypes="[cq:Taggable,dam:cfVariationNode]"
                jcr:primaryType="nt:unstructured"
                altText="&lt;p>biker&lt;/p>"
                altText_x0040_ContentType="text/plain"
                altText_x0040_LastModified="{Date}2022-11-30T14:54:20.753Z"
                basePosition="center-center"
                basePosition_x0040_LastModified="{Date}2022-09-19T07:08:01.823Z"
                fit="contain"
                fit_x0040_LastModified="{Date}2022-10-04T14:58:34.425Z"
                forceLoad="{Boolean}false"
                forceLoad_x0040_LastModified="{Date}2022-09-28T14:25:00.269Z"
                id="biker"
                id_x0040_LastModified="{Date}2022-09-19T07:08:01.822Z"
                image="/content/dam/sample-wknd-app/en/image-files/biker.png"
                image_x0040_LastModified="{Date}2022-11-30T19:43:54.393Z"
                layerId="biker-layer"
                layerId_x0040_LastModified="{Date}2022-09-19T07:08:01.823Z"
                overflow="{Boolean}true"
                overflow_x0040_LastModified="{Date}2022-10-06T14:57:16.749Z"
                path="/WKND SPA/Outdoor Passion/Scene 1/biker.webp"
                path_x0040_LastModified="{Date}2022-09-23T08:15:03.830Z"
                placeholder_x0040_LastModified="{Date}2022-09-19T07:07:05.433Z"/>
            <mobile
                jcr:mixinTypes="[cq:Taggable,dam:cfVariationNode]"
                jcr:primaryType="nt:unstructured"
                _x0040_variationCreationDate="{Date}2022-09-21T13:02:53.767Z"
                altText="biker"
                altText_x0040_ContentType="text/plain"
                altText_x0040_LastModified="{Date}2022-09-21T13:02:53.789Z"
                basePosition="center-center"
                basePosition_x0040_LastModified="{Date}2022-09-21T13:02:53.790Z"
                fit="contain"
                fit_x0040_LastModified="{Date}2022-09-21T13:02:53.791Z"
                forceLoad="{Boolean}false"
                forceLoad_x0040_LastModified="{Date}2022-10-04T13:24:25.111Z"
                id="biker"
                id_x0040_LastModified="{Date}2022-09-21T13:02:53.790Z"
                image="/content/dam/sample-wknd-app/en/image-files/biker_m.png"
                image_x0040_LastModified="{Date}2022-10-06T13:21:39.657Z"
                layerId="biker-layer"
                layerId_x0040_LastModified="{Date}2022-09-21T13:02:53.790Z"
                overflow="{Boolean}true"
                overflow_x0040_LastModified="{Date}2022-10-07T06:19:43.603Z"
                path="/WKND SPA/Outdoor Passion/Scene 1/biker_m.webp"
                path_x0040_LastModified="{Date}2022-09-23T08:15:09.339Z"
                placeholder_x0040_LastModified="{Date}2022-09-21T13:02:53.789Z"/>
        </data>
        <metadata
            jcr:mixinTypes="[cq:Taggable]"
            jcr:primaryType="nt:unstructured"/>
        <model jcr:primaryType="nt:unstructured">
            <variations jcr:primaryType="nt:unstructured">
                <mobile
                    jcr:description="\0"
                    jcr:mixinTypes="[cq:Taggable]"
                    jcr:primaryType="nt:unstructured"
                    jcr:title="mobile"
                    name="mobile">
                    <properties
                        jcr:primaryType="nt:unstructured"
                        synchronizeWithVersion="[placeholder:c0c1c7f7-2db3-41fc-a086-6889a73c3c69,path:c0c1c7f7-2db3-41fc-a086-6889a73c3c69,altText:c0c1c7f7-2db3-41fc-a086-6889a73c3c69,placeholder:c0c1c7f7-2db3-41fc-a086-6889a73c3c69,id:c0c1c7f7-2db3-41fc-a086-6889a73c3c69,layerId:c0c1c7f7-2db3-41fc-a086-6889a73c3c69,basePosition:c0c1c7f7-2db3-41fc-a086-6889a73c3c69,overflow:c0c1c7f7-2db3-41fc-a086-6889a73c3c69,fit:c0c1c7f7-2db3-41fc-a086-6889a73c3c69]"/>
                </mobile>
            </variations>
        </model>
        <related jcr:primaryType="nt:unstructured"/>
    </jcr:content>
</jcr:root>
