<?xml version="1.0" encoding="UTF-8"?>
<jcr:root xmlns:jcr="http://www.jcp.org/jcr/1.0" xmlns:dam="http://www.day.com/dam/1.0" xmlns:nt="http://www.jcp.org/jcr/nt/1.0" xmlns:mix="http://www.jcp.org/jcr/mix/1.0" xmlns:cq="http://www.day.com/jcr/cq/1.0"
    jcr:isCheckedOut="{Boolean}true"
    jcr:mixinTypes="[mix:referenceable,mix:versionable]"
    jcr:primaryType="dam:Asset"
    jcr:uuid="07aa5965-219a-431f-9021-7a21dc9b076d">
    <jcr:content
        cq:lastReplicated="{Date}2022-08-01T00:00:00.000Z"
        cq:lastReplicated_publish="{Date}2022-08-01T00:00:00.000Z"
        cq:lastReplicatedBy="Adobe"
        cq:lastReplicatedBy_publish="Adobe"
        cq:lastReplicationAction="Activate"
        cq:lastReplicationAction_publish="Activate"
        cq:name="hikerOnWkndYellowTextLayer"
        cq:parentPath="/content/dam/sample-wknd-app/en/content-fragments/text-layers"
        dam:processingId="74ef92b9-8b2c-43ea-b0f8-f23a3ca57ba8"
        dam:processingRenditions="[cqdam.text.txt,cqdam.machine.metadata.colors.json,cqdam.machine.metadata.features.json,cq5dam.thumbnail.140.100.png,cqdam.metadata.xml,cq5dam.thumbnail.319.319.png,cqdam.machine.metadata.tags.json,cq5dam.thumbnail.48.48.png,cq5dam.zoom.2048.2048.jpeg,cq5dam.web.1280.1280.jpeg]"
        dam:processingRequestedDate="{Date}2022-09-16T08:24:52.941Z"
        dam:runPostProcess="{Boolean}true"
        jcr:lastModified="{Date}2022-08-01T00:00:00.000Z"
        jcr:lastModifiedBy="Adobe"
        jcr:primaryType="dam:AssetContent"
        jcr:title="Hiker on WKND Yellow Text Layer"
        contentFragment="{Boolean}true"
        lastFragmentSave="{Date}2022-10-07T13:22:32.251Z">
        <data
            cq:model="/conf/sample-wknd-app/settings/dam/cfm/models/textlayer"
            jcr:primaryType="nt:unstructured">
            <master
                jcr:mixinTypes="[cq:Taggable,dam:cfVariationNode]"
                jcr:primaryType="nt:unstructured"
                column_x0040_LastModified="{Date}2022-09-16T08:19:57.072Z"
                id="intoTheNature2-textLayer"
                id_x0040_LastModified="{Date}2022-09-20T13:03:49.139Z"
                leftBox="[/content/dam/sample-wknd-app/en/content-fragments/text-items/hikerOnWkndYellowTitle,/content/dam/sample-wknd-app/en/content-fragments/text-items/hikerOnWkndYellowBody,/content/dam/sample-wknd-app/en/content-fragments/text-items/hikerOnWkndYellowCta]"
                leftBox_x0040_LastModified="{Date}2022-09-16T08:24:52.772Z"
                noPadding="{Boolean}false"
                noPadding_x0040_LastModified="{Date}2022-09-20T13:03:49.139Z"
                placeholder_x0040_LastModified="{Date}2022-09-16T08:19:57.072Z"
                rightBox="[/content/dam/sample-wknd-app/en/content-fragments/menus/WkndHomeMenu]"
                rightBox_x0040_LastModified="{Date}2022-09-16T08:24:52.773Z"
                textPosition_x0040_LastModified="{Date}2022-09-16T08:19:57.072Z"/>
            <mobile
                jcr:mixinTypes="[cq:Taggable,dam:cfVariationNode]"
                jcr:primaryType="nt:unstructured"
                _x0040_variationCreationDate="{Date}2022-09-20T09:15:36.218Z"
                column="[/content/dam/sample-wknd-app/en/content-fragments/text-items/hikerOnWkndYellowTitle,/content/dam/sample-wknd-app/en/content-fragments/text-items/hikerOnWkndYellowBody,/content/dam/sample-wknd-app/en/content-fragments/text-items/hikerOnWkndYellowCta]"
                column_x0040_LastModified="{Date}2022-09-20T09:16:34.587Z"
                id="intoTheNature2-textLayer"
                id_x0040_LastModified="{Date}2022-09-20T13:04:00.275Z"
                leftBox_x0040_LastModified="{Date}2022-09-20T12:55:34.295Z"
                noPadding="{Boolean}true"
                noPadding_x0040_LastModified="{Date}2022-09-20T12:55:34.294Z"
                placeholder_x0040_LastModified="{Date}2022-09-20T09:15:36.220Z"
                rightBox_x0040_LastModified="{Date}2022-09-20T09:16:34.588Z"
                textPosition="bottom-center"
                textPosition_x0040_LastModified="{Date}2022-09-20T12:55:34.294Z"/>
        </data>
        <metadata
            jcr:mixinTypes="[cq:Taggable]"
            jcr:primaryType="nt:unstructured"/>
        <model jcr:primaryType="nt:unstructured">
            <variations jcr:primaryType="nt:unstructured">
                <mobile
                    jcr:description="\0"
                    jcr:mixinTypes="[cq:Taggable]"
                    jcr:primaryType="nt:unstructured"
                    jcr:title="mobile"
                    name="mobile">
                    <properties
                        jcr:primaryType="nt:unstructured"
                        synchronizeWithVersion="[placeholder:0c63845f-a840-4735-b6f8-4fcf2d9dddc0,leftBox:0c63845f-a840-4735-b6f8-4fcf2d9dddc0,rightBox:0c63845f-a840-4735-b6f8-4fcf2d9dddc0,column:0c63845f-a840-4735-b6f8-4fcf2d9dddc0,placeholder:0c63845f-a840-4735-b6f8-4fcf2d9dddc0,id:0c63845f-a840-4735-b6f8-4fcf2d9dddc0,textPosition:0c63845f-a840-4735-b6f8-4fcf2d9dddc0]"/>
                </mobile>
            </variations>
        </model>
        <related jcr:primaryType="nt:unstructured"/>
    </jcr:content>
</jcr:root>
