<?xml version="1.0" encoding="UTF-8"?>
<jcr:root xmlns:jcr="http://www.jcp.org/jcr/1.0" xmlns:dam="http://www.day.com/dam/1.0" xmlns:nt="http://www.jcp.org/jcr/nt/1.0" xmlns:mix="http://www.jcp.org/jcr/mix/1.0" xmlns:cq="http://www.day.com/jcr/cq/1.0"
    jcr:isCheckedOut="{Boolean}true"
    jcr:mixinTypes="[mix:referenceable,mix:versionable]"
    jcr:primaryType="dam:Asset"
    jcr:uuid="5cc2fdca-b591-4e03-950c-14efafe5d718">
    <jcr:content
        cq:lastReplicated="{Date}2022-08-01T00:00:00.000Z"
        cq:lastReplicated_publish="{Date}2022-08-01T00:00:00.000Z"
        cq:lastReplicatedBy="Adobe"
        cq:lastReplicatedBy_publish="Adobe"
        cq:lastReplicationAction="Activate"
        cq:lastReplicationAction_publish="Activate"
        cq:name="arcticCampingTextLayer"
        cq:parentPath="/content/dam/sample-wknd-app/en/content-fragments/text-layers"
        dam:processingId="e469afd1-a729-4f1d-9551-74cb4494f594"
        dam:processingRenditions="[cqdam.machine.metadata.colors.json,cq5dam.thumbnail.140.100.png,cqdam.metadata.xml,cq5dam.zoom.2048.2048.jpeg,cqdam.machine.metadata.tags.json,cq5dam.thumbnail.319.319.png,cq5dam.web.1280.1280.jpeg,cqdam.text.txt,cq5dam.thumbnail.48.48.png,cqdam.machine.metadata.features.json]"
        dam:processingRequestedDate="{Date}2022-09-16T08:59:30.178Z"
        dam:runPostProcess="{Boolean}true"
        jcr:lastModified="{Date}2022-08-01T00:00:00.000Z"
        jcr:lastModifiedBy="Adobe"
        jcr:primaryType="dam:AssetContent"
        jcr:title="Arctic Camping Text Layer"
        contentFragment="{Boolean}true"
        lastFragmentSave="{Date}2022-10-07T13:39:08.564Z">
        <data
            cq:model="/conf/sample-wknd-app/settings/dam/cfm/models/textlayer"
            jcr:primaryType="nt:unstructured">
            <master
                jcr:mixinTypes="[cq:Taggable,dam:cfVariationNode]"
                jcr:primaryType="nt:unstructured"
                column="[/content/dam/sample-wknd-app/en/content-fragments/text-items/arcticCampingTag,/content/dam/sample-wknd-app/en/content-fragments/text-items/arcticCampingTitle,/content/dam/sample-wknd-app/en/content-fragments/text-items/arcticCampingBody]"
                column_x0040_LastModified="{Date}2022-09-16T08:59:29.982Z"
                id="back-text-layer"
                id_x0040_LastModified="{Date}2022-09-19T12:03:08.147Z"
                leftBox_x0040_LastModified="{Date}2022-09-16T08:42:58.935Z"
                placeholder_x0040_LastModified="{Date}2022-09-16T08:42:58.935Z"
                rightBox_x0040_LastModified="{Date}2022-09-19T12:25:57.744Z"
                textPosition_x0040_LastModified="{Date}2022-09-16T08:42:58.935Z"/>
            <mobile
                jcr:mixinTypes="[cq:Taggable,dam:cfVariationNode]"
                jcr:primaryType="nt:unstructured"
                _x0040_variationCreationDate="{Date}2022-09-20T13:19:00.738Z"
                column="[/content/dam/sample-wknd-app/en/content-fragments/text-items/arcticCampingTag,/content/dam/sample-wknd-app/en/content-fragments/text-items/arcticCampingTitle,/content/dam/sample-wknd-app/en/content-fragments/text-items/arcticCampingBody,/content/dam/sample-wknd-app/en/content-fragments/text-items/arcticCampingCta]"
                column_x0040_LastModified="{Date}2022-10-07T13:36:55.392Z"
                id="back-text-layer"
                id_x0040_LastModified="{Date}2022-09-20T13:19:00.747Z"
                leftBox_x0040_LastModified="{Date}2022-09-20T13:19:00.746Z"
                noPadding="{Boolean}true"
                noPadding_x0040_LastModified="{Date}2022-09-20T13:20:46.148Z"
                placeholder_x0040_LastModified="{Date}2022-09-20T13:19:00.747Z"
                rightBox_x0040_LastModified="{Date}2022-09-20T13:19:00.746Z"
                textPosition_x0040_LastModified="{Date}2022-09-20T13:19:00.747Z"/>
        </data>
        <metadata
            jcr:mixinTypes="[cq:Taggable]"
            jcr:primaryType="nt:unstructured"/>
        <model jcr:primaryType="nt:unstructured">
            <variations jcr:primaryType="nt:unstructured">
                <mobile
                    jcr:description="\0"
                    jcr:mixinTypes="[cq:Taggable]"
                    jcr:primaryType="nt:unstructured"
                    jcr:title="mobile"
                    name="mobile">
                    <properties
                        jcr:primaryType="nt:unstructured"
                        synchronizeWithVersion="[placeholder:4d2f4d72-b754-4bb4-a0e9-39618972f508,leftBox:4d2f4d72-b754-4bb4-a0e9-39618972f508,rightBox:4d2f4d72-b754-4bb4-a0e9-39618972f508,column:4d2f4d72-b754-4bb4-a0e9-39618972f508,placeholder:4d2f4d72-b754-4bb4-a0e9-39618972f508,id:4d2f4d72-b754-4bb4-a0e9-39618972f508,textPosition:4d2f4d72-b754-4bb4-a0e9-39618972f508,noPadding:4d2f4d72-b754-4bb4-a0e9-39618972f508]"/>
                </mobile>
            </variations>
        </model>
        <related jcr:primaryType="nt:unstructured"/>
    </jcr:content>
</jcr:root>
