<?xml version="1.0" encoding="UTF-8"?>
<jcr:root xmlns:jcr="http://www.jcp.org/jcr/1.0" xmlns:dam="http://www.day.com/dam/1.0" xmlns:nt="http://www.jcp.org/jcr/nt/1.0" xmlns:mix="http://www.jcp.org/jcr/mix/1.0" xmlns:cq="http://www.day.com/jcr/cq/1.0"
    jcr:isCheckedOut="{Boolean}true"
    jcr:mixinTypes="[mix:referenceable,mix:versionable]"
    jcr:primaryType="dam:Asset"
    jcr:uuid="7268089c-ac9f-46d2-ad24-ce454ef2199f">
    <jcr:content
        cq:lastReplicated="{Date}2022-08-01T00:00:00.000Z"
        cq:lastReplicated_publish="{Date}2022-08-01T00:00:00.000Z"
        cq:lastReplicatedBy="Adobe"
        cq:lastReplicatedBy_publish="Adobe"
        cq:lastReplicationAction="Activate"
        cq:lastReplicationAction_publish="Activate"
        cq:name="mtnBikingShoppable"
        cq:parentPath="/content/dam/sample-wknd-app/en/content-fragments/shoppable-moment-layers"
        dam:processingId="8068036e-de40-4f55-8048-b1d162d75cc9"
        dam:processingRenditions="[cq5dam.web.1280.1280.jpeg,cqdam.machine.metadata.tags.json,cq5dam.zoom.2048.2048.jpeg,cqdam.machine.metadata.colors.json,cq5dam.thumbnail.319.319.png,cq5dam.thumbnail.140.100.png,cqdam.machine.metadata.features.json,cqdam.metadata.xml,cqdam.text.txt,cq5dam.thumbnail.48.48.png]"
        dam:processingRequestedDate="{Date}2022-09-16T07:44:49.310Z"
        dam:runPostProcess="{Boolean}true"
        jcr:lastModified="{Date}2022-11-30T19:40:45.273Z"
        jcr:lastModifiedBy="blefebvr@adobe.com"
        jcr:primaryType="dam:AssetContent"
        jcr:title="Mtn Biking - Shoppable"
        contentFragment="{Boolean}true"
        lastFragmentSave="{Date}2022-10-07T13:37:24.774Z">
        <data
            cq:model="/conf/sample-wknd-app/settings/dam/cfm/models/shoppable-moment-layer"
            jcr:primaryType="nt:unstructured">
            <master
                jcr:mixinTypes="[cq:Taggable,dam:cfVariationNode]"
                jcr:primaryType="nt:unstructured"
                content="[/content/dam/sample-wknd-app/en/content-fragments/shoppable-moment-items/mtnBikingHelmet,/content/dam/sample-wknd-app/en/content-fragments/shoppable-moment-items/mtnBikingShoes,/content/dam/sample-wknd-app/en/content-fragments/shoppable-moment-items/mtnBikingTires]"
                content_x0040_LastModified="{Date}2022-11-30T19:40:45.273Z"
                fit="contain"
                fit_x0040_LastModified="{Date}2022-10-04T14:57:57.113Z"
                height_x0040_LastModified="{Date}2022-09-15T07:45:36.568Z"
                id="intro-shoppableMomentsLayer"
                id_x0040_LastModified="{Date}2022-09-20T12:23:20.356Z"
                imageSelector="#biker"
                imageSelector_x0040_LastModified="{Date}2022-09-15T07:45:53.723Z"
                placeholder_x0040_LastModified="{Date}2022-09-15T07:45:36.568Z"
                width_x0040_LastModified="{Date}2022-09-15T07:45:36.568Z"/>
            <mobile
                jcr:mixinTypes="[cq:Taggable,dam:cfVariationNode]"
                jcr:primaryType="nt:unstructured"
                _x0040_variationCreationDate="{Date}2022-09-23T20:17:28.905Z"
                content="[/content/dam/sample-wknd-app/en/content-fragments/shoppable-moment-items/mtnBikingHelmet,/content/dam/sample-wknd-app/en/content-fragments/shoppable-moment-items/mtnBikingShoes,/content/dam/sample-wknd-app/en/content-fragments/shoppable-moment-items/mtnBikingTires]"
                content_x0040_LastModified="{Date}2022-10-07T13:37:24.613Z"
                fit="contain"
                fit_x0040_LastModified="{Date}2022-09-23T20:17:28.915Z"
                height_x0040_LastModified="{Date}2022-09-23T20:17:28.917Z"
                id="intro-shoppableMomentsLayer"
                id_x0040_LastModified="{Date}2022-09-23T20:17:28.915Z"
                imageSelector="#biker"
                imageSelector_x0040_LastModified="{Date}2022-09-23T20:17:28.916Z"
                placeholder_x0040_LastModified="{Date}2022-09-23T20:17:28.914Z"
                width_x0040_LastModified="{Date}2022-09-23T20:17:28.917Z"/>
        </data>
        <metadata
            jcr:mixinTypes="[cq:Taggable]"
            jcr:primaryType="nt:unstructured"/>
        <model jcr:primaryType="nt:unstructured">
            <variations jcr:primaryType="nt:unstructured">
                <mobile
                    jcr:description="\0"
                    jcr:mixinTypes="[cq:Taggable]"
                    jcr:primaryType="nt:unstructured"
                    jcr:title="mobile"
                    name="mobile">
                    <properties
                        jcr:primaryType="nt:unstructured"
                        synchronizeWithVersion="[placeholder:a0112c05-4684-4533-9c45-46a7d20b3d29,content:a0112c05-4684-4533-9c45-46a7d20b3d29,placeholder:a0112c05-4684-4533-9c45-46a7d20b3d29,id:a0112c05-4684-4533-9c45-46a7d20b3d29,fit:a0112c05-4684-4533-9c45-46a7d20b3d29,imageSelector:a0112c05-4684-4533-9c45-46a7d20b3d29,width:a0112c05-4684-4533-9c45-46a7d20b3d29,height:a0112c05-4684-4533-9c45-46a7d20b3d29]"/>
                </mobile>
            </variations>
        </model>
        <related jcr:primaryType="nt:unstructured"/>
    </jcr:content>
</jcr:root>
