<?xml version="1.0" encoding="UTF-8"?>
<jcr:root xmlns:jcr="http://www.jcp.org/jcr/1.0" xmlns:dam="http://www.day.com/dam/1.0" xmlns:nt="http://www.jcp.org/jcr/nt/1.0" xmlns:mix="http://www.jcp.org/jcr/mix/1.0" xmlns:cq="http://www.day.com/jcr/cq/1.0"
    jcr:isCheckedOut="{Boolean}true"
    jcr:mixinTypes="[mix:referenceable,mix:versionable]"
    jcr:primaryType="dam:Asset"
    jcr:uuid="f08bdebd-1c29-497c-9a15-0fe0fc016337">
    <jcr:content
        cq:lastReplicated="{Date}2022-08-01T00:00:00.000Z"
        cq:lastReplicated_publish="{Date}2022-08-01T00:00:00.000Z"
        cq:lastReplicatedBy="Adobe"
        cq:lastReplicatedBy_publish="Adobe"
        cq:lastReplicationAction="Activate"
        cq:lastReplicationAction_publish="Activate"
        cq:name="mtnBikersVideoTitle"
        cq:parentPath="/content/dam/sample-wknd-app/en/content-fragments/text-items"
        dam:processingId="1fe4edbe-0598-4902-b9b7-74ec0b10e976"
        dam:processingRenditions="[cqdam.machine.metadata.colors.json,cqdam.metadata.xml,cq5dam.thumbnail.140.100.png,cq5dam.web.1280.1280.jpeg,cq5dam.thumbnail.319.319.png,cq5dam.zoom.2048.2048.jpeg,cqdam.machine.metadata.features.json,cqdam.machine.metadata.tags.json,cq5dam.thumbnail.48.48.png,cqdam.text.txt]"
        dam:processingRequestedDate="{Date}2022-09-16T07:41:39.306Z"
        dam:runPostProcess="{Boolean}true"
        jcr:lastModified="{Date}2022-08-01T00:00:00.000Z"
        jcr:lastModifiedBy="Adobe"
        jcr:primaryType="dam:AssetContent"
        jcr:title="Mtn Bikers Video Title"
        contentFragment="{Boolean}true"
        lastFragmentSave="{Date}2022-10-06T12:09:51.875Z">
        <data
            cq:model="/conf/sample-wknd-app/settings/dam/cfm/models/textitem"
            jcr:primaryType="nt:unstructured">
            <master
                jcr:mixinTypes="[cq:Taggable,dam:cfVariationNode]"
                jcr:primaryType="nt:unstructured"
                content="Name your dates, distances and lodging style. We'll take care of the rest."
                content_x0040_ContentType="text/plain"
                content_x0040_LastModified="{Date}2022-10-05T12:17:02.529Z"
                styles="[thin]"
                styles_x0040_LastModified="{Date}2022-09-15T09:47:03.320Z"
                type="h3"
                type_x0040_LastModified="{Date}2022-09-15T09:47:03.320Z"/>
            <mobile
                jcr:mixinTypes="[cq:Taggable,dam:cfVariationNode]"
                jcr:primaryType="nt:unstructured"
                _x0040_variationCreationDate="{Date}2022-09-20T12:42:32.752Z"
                content="Name your dates, distances and lodging style. We'll take care of the rest."
                content_x0040_ContentType="text/plain"
                content_x0040_LastModified="{Date}2022-10-05T12:20:54.482Z"
                id_x0040_LastModified="{Date}2022-09-20T12:42:32.762Z"
                styles="[thin,alignCenter]"
                styles_x0040_LastModified="{Date}2022-09-20T12:42:48.970Z"
                type="h3"
                type_x0040_LastModified="{Date}2022-09-20T12:42:32.761Z"/>
        </data>
        <metadata
            jcr:mixinTypes="[cq:Taggable]"
            jcr:primaryType="nt:unstructured"/>
        <model jcr:primaryType="nt:unstructured">
            <variations jcr:primaryType="nt:unstructured">
                <mobile
                    jcr:description="\0"
                    jcr:mixinTypes="[cq:Taggable]"
                    jcr:primaryType="nt:unstructured"
                    jcr:title="mobile"
                    name="mobile">
                    <properties
                        jcr:primaryType="nt:unstructured"
                        synchronizeWithVersion="[type:005f103c-4e50-44f9-a6af-1a05737d6643,content:005f103c-4e50-44f9-a6af-1a05737d6643,styles:005f103c-4e50-44f9-a6af-1a05737d6643,id:005f103c-4e50-44f9-a6af-1a05737d6643]"/>
                </mobile>
            </variations>
        </model>
        <related jcr:primaryType="nt:unstructured"/>
    </jcr:content>
</jcr:root>
