<?xml version="1.0" encoding="UTF-8"?>
<jcr:root xmlns:jcr="http://www.jcp.org/jcr/1.0" xmlns:dam="http://www.day.com/dam/1.0" xmlns:nt="http://www.jcp.org/jcr/nt/1.0" xmlns:mix="http://www.jcp.org/jcr/mix/1.0" xmlns:cq="http://www.day.com/jcr/cq/1.0"
    jcr:isCheckedOut="{Boolean}true"
    jcr:mixinTypes="[mix:referenceable,mix:versionable]"
    jcr:primaryType="dam:Asset"
    jcr:uuid="93fd6c1c-efb9-4b01-ba2b-cc371f00d805">
    <jcr:content
        cq:lastReplicated="{Date}2022-08-01T00:00:00.000Z"
        cq:lastReplicated_publish="{Date}2022-08-01T00:00:00.000Z"
        cq:lastReplicatedBy="Adobe"
        cq:lastReplicatedBy_publish="Adobe"
        cq:lastReplicationAction="Activate"
        cq:lastReplicationAction_publish="Activate"
        cq:name="hikerInMountainsTextLayer"
        cq:parentPath="/content/dam/sample-wknd-app/en/content-fragments/text-layers"
        dam:processingId="9223a961-0b7b-4f62-91c3-e6bcea0b27e8"
        dam:processingRenditions="[cqdam.text.txt,cq5dam.thumbnail.140.100.png,cqdam.metadata.xml,cq5dam.thumbnail.48.48.png,cq5dam.zoom.2048.2048.jpeg,cq5dam.thumbnail.319.319.png,cqdam.machine.metadata.features.json,cqdam.machine.metadata.tags.json,cq5dam.web.1280.1280.jpeg,cqdam.machine.metadata.colors.json]"
        dam:processingRequestedDate="{Date}2022-09-16T08:10:04.812Z"
        dam:runPostProcess="{Boolean}true"
        jcr:lastModified="{Date}2022-08-01T00:00:00.000Z"
        jcr:lastModifiedBy="Adobe"
        jcr:primaryType="dam:AssetContent"
        jcr:title="Hiker in Mountains Text Layer"
        contentFragment="{Boolean}true"
        lastFragmentSave="{Date}2022-10-07T13:22:32.250Z">
        <data
            cq:model="/conf/sample-wknd-app/settings/dam/cfm/models/textlayer"
            jcr:primaryType="nt:unstructured">
            <master
                jcr:mixinTypes="[cq:Taggable,dam:cfVariationNode]"
                jcr:primaryType="nt:unstructured"
                column_x0040_LastModified="{Date}2022-09-15T12:06:41.543Z"
                id_x0040_LastModified="{Date}2022-09-15T12:06:41.543Z"
                leftBox="[/content/dam/sample-wknd-app/en/content-fragments/text-items/hikerInMountainsTag,/content/dam/sample-wknd-app/en/content-fragments/text-items/hikerInMountainsTitle]"
                leftBox_x0040_LastModified="{Date}2022-09-15T12:13:10.185Z"
                placeholder_x0040_LastModified="{Date}2022-09-15T12:06:41.543Z"
                pointText_x0040_LastModified="{Date}2022-09-15T12:06:41.543Z"
                rightBox="[/content/dam/sample-wknd-app/en/content-fragments/menus/WkndHomeMenu]"
                rightBox_x0040_LastModified="{Date}2022-09-16T08:10:04.637Z"
                textPosition_x0040_LastModified="{Date}2022-09-15T12:06:41.543Z"/>
            <mobile
                jcr:mixinTypes="[cq:Taggable,dam:cfVariationNode]"
                jcr:primaryType="nt:unstructured"
                _x0040_variationCreationDate="{Date}2022-09-20T09:14:39.134Z"
                column="[/content/dam/sample-wknd-app/en/content-fragments/text-items/hikerInMountainsTag,/content/dam/sample-wknd-app/en/content-fragments/text-items/hikerInMountainsTitle]"
                column_x0040_LastModified="{Date}2022-09-20T09:15:06.832Z"
                id_x0040_LastModified="{Date}2022-09-20T09:14:39.137Z"
                leftBox_x0040_LastModified="{Date}2022-09-20T09:15:06.832Z"
                noPadding="{Boolean}true"
                noPadding_x0040_LastModified="{Date}2022-09-20T12:44:35.505Z"
                placeholder_x0040_LastModified="{Date}2022-09-20T09:14:39.136Z"
                rightBox_x0040_LastModified="{Date}2022-09-20T09:15:06.832Z"
                textPosition="top-center"
                textPosition_x0040_LastModified="{Date}2022-09-20T12:44:35.504Z"/>
        </data>
        <metadata
            jcr:mixinTypes="[cq:Taggable]"
            jcr:primaryType="nt:unstructured"/>
        <model jcr:primaryType="nt:unstructured">
            <variations jcr:primaryType="nt:unstructured">
                <mobile
                    jcr:description="\0"
                    jcr:mixinTypes="[cq:Taggable]"
                    jcr:primaryType="nt:unstructured"
                    jcr:title="mobile"
                    name="mobile">
                    <properties
                        jcr:primaryType="nt:unstructured"
                        synchronizeWithVersion="[placeholder:024ff346-ab0b-4057-b621-5cc715e7db1c,leftBox:024ff346-ab0b-4057-b621-5cc715e7db1c,rightBox:024ff346-ab0b-4057-b621-5cc715e7db1c,column:024ff346-ab0b-4057-b621-5cc715e7db1c,placeholder:024ff346-ab0b-4057-b621-5cc715e7db1c,id:024ff346-ab0b-4057-b621-5cc715e7db1c,textPosition:024ff346-ab0b-4057-b621-5cc715e7db1c]"/>
                </mobile>
            </variations>
        </model>
        <related jcr:primaryType="nt:unstructured"/>
    </jcr:content>
</jcr:root>
