<?xml version="1.0" encoding="UTF-8"?>
<jcr:root xmlns:jcr="http://www.jcp.org/jcr/1.0" xmlns:dam="http://www.day.com/dam/1.0" xmlns:nt="http://www.jcp.org/jcr/nt/1.0" xmlns:mix="http://www.jcp.org/jcr/mix/1.0" xmlns:cq="http://www.day.com/jcr/cq/1.0"
    jcr:isCheckedOut="{Boolean}true"
    jcr:mixinTypes="[mix:referenceable,mix:versionable]"
    jcr:primaryType="dam:Asset"
    jcr:uuid="3a98b69c-7bfa-4c84-b935-eba48d2a5ca3">
    <jcr:content
        cq:lastReplicated="{Date}2022-08-01T00:00:00.000Z"
        cq:lastReplicated_publish="{Date}2022-08-01T00:00:00.000Z"
        cq:lastReplicatedBy="Adobe"
        cq:lastReplicatedBy_publish="Adobe"
        cq:lastReplicationAction="Activate"
        cq:lastReplicationAction_publish="Activate"
        cq:name="mtnBikingCanyonRight"
        cq:parentPath="/content/dam/sample-wknd-app/en/content-fragments/image-layers"
        dam:processingId="f1f3d11a-ec0c-4fa8-8694-a440f3e6bdd1"
        dam:processingRenditions="[cqdam.text.txt,cqdam.machine.metadata.colors.json,cqdam.metadata.xml,cqdam.machine.metadata.tags.json,cq5dam.zoom.2048.2048.jpeg,cq5dam.web.1280.1280.jpeg,cq5dam.thumbnail.48.48.png,cq5dam.thumbnail.319.319.png,cq5dam.thumbnail.140.100.png,cqdam.machine.metadata.features.json]"
        dam:processingRequestedDate="{Date}2022-09-16T06:52:15.586Z"
        dam:runPostProcess="{Boolean}true"
        jcr:lastModified="{Date}2022-08-01T00:00:00.000Z"
        jcr:lastModifiedBy="Adobe"
        jcr:primaryType="dam:AssetContent"
        jcr:title="Mtn Biking Canyon Right"
        contentFragment="{Boolean}true"
        lastFragmentSave="{Date}2022-10-06T13:24:02.118Z">
        <data
            cq:model="/conf/sample-wknd-app/settings/dam/cfm/models/imagelayer"
            jcr:primaryType="nt:unstructured">
            <master
                jcr:mixinTypes="[cq:Taggable,dam:cfVariationNode]"
                jcr:primaryType="nt:unstructured"
                altText="rocks3"
                altText_x0040_ContentType="text/plain"
                altText_x0040_LastModified="{Date}2022-09-23T08:15:59.175Z"
                basePosition="bottom-right"
                basePosition_x0040_LastModified="{Date}2022-09-13T13:41:52.259Z"
                fit="scale-down"
                fit_x0040_LastModified="{Date}2022-10-04T14:46:45.179Z"
                forceLoad="{Boolean}false"
                forceLoad_x0040_LastModified="{Date}2022-10-04T12:20:38.297Z"
                id="rocks3"
                id_x0040_LastModified="{Date}2022-09-13T13:41:52.258Z"
                image="/content/dam/sample-wknd-app/en/image-files/rocks3.png"
                image_x0040_LastModified="{Date}2022-10-04T13:23:53.679Z"
                layerId="rocks3"
                layerId_x0040_LastModified="{Date}2022-09-13T13:41:52.259Z"
                overflow="{Boolean}false"
                overflow_x0040_LastModified="{Date}2022-09-13T13:41:52.259Z"
                path="/WKND SPA/Outdoor Passion/Scene 1/rocks3.webp"
                path_x0040_LastModified="{Date}2022-09-23T08:15:59.174Z"
                placeholder_x0040_LastModified="{Date}2022-09-13T13:41:17.580Z"/>
            <mobile
                jcr:mixinTypes="[cq:Taggable,dam:cfVariationNode]"
                jcr:primaryType="nt:unstructured"
                _x0040_variationCreationDate="{Date}2022-09-21T13:03:05.813Z"
                altText="rocks3"
                altText_x0040_ContentType="text/plain"
                altText_x0040_LastModified="{Date}2022-09-21T13:03:14.369Z"
                basePosition="bottom-right"
                basePosition_x0040_LastModified="{Date}2022-09-21T13:03:05.819Z"
                fit="contain"
                fit_x0040_LastModified="{Date}2022-09-21T13:03:05.820Z"
                forceLoad="{Boolean}false"
                forceLoad_x0040_LastModified="{Date}2022-10-04T13:24:03.002Z"
                id="rocks3"
                id_x0040_LastModified="{Date}2022-09-21T13:03:05.817Z"
                image="/content/dam/sample-wknd-app/en/image-files/rocks3_m.png"
                image_x0040_LastModified="{Date}2022-10-06T13:24:01.924Z"
                layerId="rocks3"
                layerId_x0040_LastModified="{Date}2022-09-21T13:03:05.818Z"
                overflow="{Boolean}false"
                overflow_x0040_LastModified="{Date}2022-09-21T13:03:05.819Z"
                path="/WKND SPA/Outdoor Passion/Scene 1/rocks3_m.webp"
                path_x0040_LastModified="{Date}2022-09-23T08:16:04.772Z"
                placeholder_x0040_LastModified="{Date}2022-09-21T13:03:05.816Z"/>
        </data>
        <metadata
            jcr:mixinTypes="[cq:Taggable]"
            jcr:primaryType="nt:unstructured"/>
        <model jcr:primaryType="nt:unstructured">
            <variations jcr:primaryType="nt:unstructured">
                <mobile
                    jcr:description="\0"
                    jcr:mixinTypes="[cq:Taggable]"
                    jcr:primaryType="nt:unstructured"
                    jcr:title="mobile"
                    name="mobile">
                    <properties
                        jcr:primaryType="nt:unstructured"
                        synchronizeWithVersion="[placeholder:e802aeee-4496-4738-8f2d-34524e60d601,path:e802aeee-4496-4738-8f2d-34524e60d601,altText:e802aeee-4496-4738-8f2d-34524e60d601,placeholder:e802aeee-4496-4738-8f2d-34524e60d601,id:e802aeee-4496-4738-8f2d-34524e60d601,layerId:e802aeee-4496-4738-8f2d-34524e60d601,basePosition:e802aeee-4496-4738-8f2d-34524e60d601,overflow:e802aeee-4496-4738-8f2d-34524e60d601,fit:e802aeee-4496-4738-8f2d-34524e60d601]"/>
                </mobile>
            </variations>
        </model>
        <related jcr:primaryType="nt:unstructured"/>
    </jcr:content>
</jcr:root>
