{"autoTags":[{"value":"blue","confidence":0.7759357690811157,"isCustom":false},{"value":"background","confidence":0.7724862098693848,"isCustom":false},{"value":"abstract","confidence":0.729468047618866,"isCustom":false},{"value":"black","confidence":0.6689797639846802,"isCustom":false},{"value":"dark","confidence":0.6682750582695007,"isCustom":false},{"value":"water","confidence":0.6619943380355835,"isCustom":false},{"value":"space","confidence":0.6351616978645325,"isCustom":false},{"value":"sea","confidence":0.6318460702896118,"isCustom":false},{"value":"light","confidence":0.6279760599136353,"isCustom":false},{"value":"ocean","confidence":0.6279624104499817,"isCustom":false},{"value":"astronomy","confidence":0.6147556304931641,"isCustom":false},{"value":"night","confidence":0.6098738312721252,"isCustom":false},{"value":"wave","confidence":0.6047036051750183,"isCustom":false},{"value":"sky","confidence":0.6011449098587036,"isCustom":false},{"value":"nature","confidence":0.5855422616004944,"isCustom":false},{"value":"stars","confidence":0.5736324191093445,"isCustom":false},{"value":"backdrop","confidence":0.5662450790405273,"isCustom":false},{"value":"color","confidence":0.5655919909477234,"isCustom":false},{"value":"design","confidence":0.5633732080459595,"isCustom":false},{"value":"illustration","confidence":0.5615764260292053,"isCustom":false},{"value":"moon","confidence":0.5480794310569763,"isCustom":false},{"value":"earth","confidence":0.5460529327392578,"isCustom":false},{"value":"star","confidence":0.5437062978744507,"isCustom":false},{"value":"concept","confidence":0.539061427116394,"isCustom":false},{"value":"backgrounds","confidence":0.5363336801528931,"isCustom":false}]}
