{"autoTags":[{"value":"female","confidence":0.7453582286834717,"isCustom":false},{"value":"beautiful","confidence":0.7345449328422546,"isCustom":false},{"value":"girl","confidence":0.7341041564941406,"isCustom":false},{"value":"beauty","confidence":0.7225624918937683,"isCustom":false},{"value":"woman","confidence":0.7068322896957397,"isCustom":false},{"value":"attractive","confidence":0.6989890336990356,"isCustom":false},{"value":"adult","confidence":0.6972713470458984,"isCustom":false},{"value":"fashion","confidence":0.66253262758255,"isCustom":false},{"value":"black","confidence":0.6494758129119873,"isCustom":false},{"value":"caucasian","confidence":0.6280221343040466,"isCustom":false},{"value":"background","confidence":0.6271383762359619,"isCustom":false},{"value":"young","confidence":0.6249577403068542,"isCustom":false},{"value":"isolated","confidence":0.6194395422935486,"isCustom":false},{"value":"dress","confidence":0.6092517971992493,"isCustom":false},{"value":"women","confidence":0.5819170475006104,"isCustom":false},{"value":"cute","confidence":0.5798893570899963,"isCustom":false},{"value":"casual","confidence":0.5770506858825684,"isCustom":false},{"value":"pretty","confidence":0.5768506526947021,"isCustom":false},{"value":"model","confidence":0.5757367610931396,"isCustom":false},{"value":"clothing","confidence":0.5738695859909058,"isCustom":false},{"value":"brunette","confidence":0.5738406777381897,"isCustom":false},{"value":"glamour","confidence":0.565790593624115,"isCustom":false},{"value":"hair","confidence":0.5643659234046936,"isCustom":false},{"value":"body","confidence":0.5530202984809875,"isCustom":false},{"value":"person","confidence":0.5477287769317627,"isCustom":false}]}
