<?xml version="1.0" encoding="UTF-8"?>
<jcr:root xmlns:jcr="http://www.jcp.org/jcr/1.0" xmlns:dam="http://www.day.com/dam/1.0" xmlns:nt="http://www.jcp.org/jcr/nt/1.0" xmlns:mix="http://www.jcp.org/jcr/mix/1.0" xmlns:cq="http://www.day.com/jcr/cq/1.0"
    jcr:isCheckedOut="{Boolean}true"
    jcr:mixinTypes="[mix:referenceable,mix:versionable]"
    jcr:primaryType="dam:Asset"
    jcr:uuid="2eb2d42c-8374-4af5-9d8d-180f52f9a5d4">
    <jcr:content
        cq:lastReplicated="{Date}2022-08-01T00:00:00.000Z"
        cq:lastReplicated_publish="{Date}2022-08-01T00:00:00.000Z"
        cq:lastReplicatedBy="Adobe"
        cq:lastReplicatedBy_publish="Adobe"
        cq:lastReplicationAction="Activate"
        cq:lastReplicationAction_publish="Activate"
        cq:name="hikingMtnBack"
        cq:parentPath="/content/dam/sample-wknd-app/en/content-fragments/image-layers"
        dam:processingId="dc85b1bb-be92-44d8-8e08-7a05f5264b29"
        dam:processingRenditions="[cq5dam.zoom.2048.2048.jpeg,cqdam.machine.metadata.features.json,cqdam.metadata.xml,cq5dam.thumbnail.140.100.png,cqdam.machine.metadata.colors.json,cq5dam.web.1280.1280.jpeg,cq5dam.thumbnail.48.48.png,cqdam.text.txt,cqdam.machine.metadata.tags.json,cq5dam.thumbnail.319.319.png]"
        dam:processingRequestedDate="{Date}2022-09-16T07:15:33.463Z"
        dam:runPostProcess="{Boolean}true"
        jcr:lastModified="{Date}2022-08-01T00:00:00.000Z"
        jcr:lastModifiedBy="Adobe"
        jcr:primaryType="dam:AssetContent"
        jcr:title="Hiking Mtn Back"
        contentFragment="{Boolean}true"
        lastFragmentSave="{Date}2022-10-06T13:23:40.243Z">
        <data
            cq:model="/conf/sample-wknd-app/settings/dam/cfm/models/imagelayer"
            jcr:primaryType="nt:unstructured">
            <master
                jcr:mixinTypes="[cq:Taggable,dam:cfVariationNode]"
                jcr:primaryType="nt:unstructured"
                altText="mountains"
                altText_x0040_ContentType="text/plain"
                altText_x0040_LastModified="{Date}2022-09-23T08:15:55.070Z"
                basePosition="top-center"
                basePosition_x0040_LastModified="{Date}2022-10-05T15:40:10.349Z"
                fit="cover"
                fit_x0040_LastModified="{Date}2022-09-15T11:43:02.924Z"
                forceLoad="{Boolean}false"
                forceLoad_x0040_LastModified="{Date}2022-10-03T11:51:24.240Z"
                id="mountains"
                id_x0040_LastModified="{Date}2022-09-15T11:43:02.922Z"
                image="/content/dam/sample-wknd-app/en/image-files/mountains.png"
                image_x0040_LastModified="{Date}2022-10-04T13:58:55.077Z"
                layerId="mountains-layer"
                layerId_x0040_LastModified="{Date}2022-09-15T11:43:02.923Z"
                overflow="{Boolean}false"
                overflow_x0040_LastModified="{Date}2022-09-15T11:43:02.923Z"
                path="/WKND SPA/Outdoor Passion/Scene 2/mountains.webp"
                path_x0040_LastModified="{Date}2022-09-23T08:15:55.068Z"
                placeholder_x0040_LastModified="{Date}2022-09-15T11:40:59.964Z"/>
            <mobile
                jcr:mixinTypes="[cq:Taggable,dam:cfVariationNode]"
                jcr:primaryType="nt:unstructured"
                _x0040_variationCreationDate="{Date}2022-10-04T13:58:58.737Z"
                altText="mountains"
                altText_x0040_ContentType="text/plain"
                altText_x0040_LastModified="{Date}2022-10-04T13:58:58.747Z"
                basePosition="top-center"
                basePosition_x0040_LastModified="{Date}2022-10-04T13:58:58.750Z"
                fit="cover"
                fit_x0040_LastModified="{Date}2022-10-04T13:58:58.751Z"
                forceLoad="{Boolean}false"
                forceLoad_x0040_LastModified="{Date}2022-10-04T13:58:58.751Z"
                id="mountains"
                id_x0040_LastModified="{Date}2022-10-04T13:58:58.748Z"
                image="/content/dam/sample-wknd-app/en/image-files/mountains_m.png"
                image_x0040_LastModified="{Date}2022-10-06T13:23:40.036Z"
                layerId="mountains-layer"
                layerId_x0040_LastModified="{Date}2022-10-04T13:58:58.749Z"
                overflow="{Boolean}false"
                overflow_x0040_LastModified="{Date}2022-10-04T13:58:58.750Z"
                path="/WKND SPA/Outdoor Passion/Scene 2/mountains.webp"
                path_x0040_LastModified="{Date}2022-10-04T13:58:58.746Z"
                placeholder_x0040_LastModified="{Date}2022-10-04T13:58:58.748Z"/>
        </data>
        <metadata
            jcr:mixinTypes="[cq:Taggable]"
            jcr:primaryType="nt:unstructured"/>
        <model jcr:primaryType="nt:unstructured">
            <variations jcr:primaryType="nt:unstructured">
                <mobile
                    jcr:description="\0"
                    jcr:mixinTypes="[cq:Taggable]"
                    jcr:primaryType="nt:unstructured"
                    jcr:title="mobile"
                    name="mobile">
                    <properties
                        jcr:primaryType="nt:unstructured"
                        synchronizeWithVersion="[placeholder:acd46af6-86fe-4492-81d3-e8194b9c9474,path:acd46af6-86fe-4492-81d3-e8194b9c9474,image:acd46af6-86fe-4492-81d3-e8194b9c9474,altText:acd46af6-86fe-4492-81d3-e8194b9c9474,placeholder:acd46af6-86fe-4492-81d3-e8194b9c9474,id:acd46af6-86fe-4492-81d3-e8194b9c9474,layerId:acd46af6-86fe-4492-81d3-e8194b9c9474,basePosition:acd46af6-86fe-4492-81d3-e8194b9c9474,overflow:acd46af6-86fe-4492-81d3-e8194b9c9474,fit:acd46af6-86fe-4492-81d3-e8194b9c9474,forceLoad:acd46af6-86fe-4492-81d3-e8194b9c9474]"/>
                </mobile>
            </variations>
        </model>
        <related jcr:primaryType="nt:unstructured"/>
    </jcr:content>
</jcr:root>
