<?xml version="1.0" encoding="UTF-8"?>
<jcr:root xmlns:jcr="http://www.jcp.org/jcr/1.0" xmlns:dam="http://www.day.com/dam/1.0" xmlns:nt="http://www.jcp.org/jcr/nt/1.0" xmlns:mix="http://www.jcp.org/jcr/mix/1.0" xmlns:cq="http://www.day.com/jcr/cq/1.0"
    jcr:isCheckedOut="{Boolean}true"
    jcr:mixinTypes="[mix:referenceable,mix:versionable]"
    jcr:primaryType="dam:Asset"
    jcr:uuid="4e510061-87de-426c-887e-66829074efde">
    <jcr:content
        cq:lastReplicated="{Date}2022-08-01T00:00:00.000Z"
        cq:lastReplicated_publish="{Date}2022-08-01T00:00:00.000Z"
        cq:lastReplicatedBy="Adobe"
        cq:lastReplicatedBy_publish="Adobe"
        cq:lastReplicationAction="Activate"
        cq:lastReplicationAction_publish="Activate"
        cq:name="arcticCampingMtnBack"
        cq:parentPath="/content/dam/sample-wknd-app/en/content-fragments/image-layers"
        dam:processingId="661d2aab-0b4e-4702-b3c7-be5d05de556e"
        dam:processingRenditions="[cqdam.machine.metadata.colors.json,cq5dam.web.1280.1280.jpeg,cq5dam.zoom.2048.2048.jpeg,cqdam.machine.metadata.tags.json,cqdam.machine.metadata.features.json,cq5dam.thumbnail.140.100.png,cqdam.metadata.xml,cqdam.text.txt,cq5dam.thumbnail.48.48.png,cq5dam.thumbnail.319.319.png]"
        dam:processingRequestedDate="{Date}2022-09-16T09:03:56.105Z"
        dam:runPostProcess="{Boolean}true"
        jcr:lastModified="{Date}2022-08-01T00:00:00.000Z"
        jcr:lastModifiedBy="Adobe"
        jcr:primaryType="dam:AssetContent"
        jcr:title="Arctic Camping Mtn Back"
        contentFragment="{Boolean}true"
        lastFragmentSave="{Date}2022-10-06T13:23:05.566Z">
        <data
            cq:model="/conf/sample-wknd-app/settings/dam/cfm/models/imagelayer"
            jcr:primaryType="nt:unstructured">
            <master
                jcr:mixinTypes="[cq:Taggable,dam:cfVariationNode]"
                jcr:primaryType="nt:unstructured"
                altText_x0040_ContentType="text/plain"
                altText_x0040_LastModified="{Date}2022-09-16T09:03:55.931Z"
                basePosition="bottom-center"
                basePosition_x0040_LastModified="{Date}2022-09-16T09:03:55.933Z"
                fit="cover"
                fit_x0040_LastModified="{Date}2022-09-16T09:03:55.934Z"
                forceLoad="{Boolean}false"
                forceLoad_x0040_LastModified="{Date}2022-10-04T14:02:46.321Z"
                id="mountain1"
                id_x0040_LastModified="{Date}2022-09-16T09:03:55.932Z"
                image="/content/dam/sample-wknd-app/en/image-files/mountain1.png"
                image_x0040_LastModified="{Date}2022-10-04T14:02:46.320Z"
                layerId="mountain1-layer"
                layerId_x0040_LastModified="{Date}2022-09-16T09:03:55.932Z"
                overflow="{Boolean}false"
                overflow_x0040_LastModified="{Date}2022-09-16T09:03:55.933Z"
                path="/WKND SPA/Into The Nature/Scene 1/Mountains/mountain1.webp"
                path_x0040_LastModified="{Date}2022-09-23T08:15:41.968Z"
                placeholder_x0040_LastModified="{Date}2022-09-16T09:03:00.940Z"/>
            <mobile
                jcr:mixinTypes="[cq:Taggable,dam:cfVariationNode]"
                jcr:primaryType="nt:unstructured"
                _x0040_variationCreationDate="{Date}2022-10-04T14:02:51.932Z"
                altText_x0040_ContentType="text/plain"
                altText_x0040_LastModified="{Date}2022-10-04T14:02:51.935Z"
                basePosition="bottom-center"
                basePosition_x0040_LastModified="{Date}2022-10-04T14:02:51.936Z"
                fit="cover"
                fit_x0040_LastModified="{Date}2022-10-04T14:02:51.937Z"
                forceLoad="{Boolean}false"
                forceLoad_x0040_LastModified="{Date}2022-10-04T14:02:51.937Z"
                id="mountain1"
                id_x0040_LastModified="{Date}2022-10-04T14:02:51.935Z"
                image="/content/dam/sample-wknd-app/en/image-files/mountain1_m.png"
                image_x0040_LastModified="{Date}2022-10-06T13:23:05.401Z"
                layerId="mountain1-layer"
                layerId_x0040_LastModified="{Date}2022-10-04T14:02:51.936Z"
                overflow="{Boolean}false"
                overflow_x0040_LastModified="{Date}2022-10-04T14:02:51.937Z"
                path="/WKND SPA/Into The Nature/Scene 1/Mountains/mountain1.webp"
                path_x0040_LastModified="{Date}2022-10-04T14:02:51.934Z"
                placeholder_x0040_LastModified="{Date}2022-10-04T14:02:51.935Z"/>
        </data>
        <metadata
            jcr:mixinTypes="[cq:Taggable]"
            jcr:primaryType="nt:unstructured"/>
        <model jcr:primaryType="nt:unstructured">
            <variations jcr:primaryType="nt:unstructured">
                <mobile
                    jcr:description="\0"
                    jcr:mixinTypes="[cq:Taggable]"
                    jcr:primaryType="nt:unstructured"
                    jcr:title="mobile"
                    name="mobile">
                    <properties
                        jcr:primaryType="nt:unstructured"
                        synchronizeWithVersion="[placeholder:edd2657f-a4ed-41ff-aa9b-04618d3a1db9,path:edd2657f-a4ed-41ff-aa9b-04618d3a1db9,image:edd2657f-a4ed-41ff-aa9b-04618d3a1db9,altText:edd2657f-a4ed-41ff-aa9b-04618d3a1db9,placeholder:edd2657f-a4ed-41ff-aa9b-04618d3a1db9,id:edd2657f-a4ed-41ff-aa9b-04618d3a1db9,layerId:edd2657f-a4ed-41ff-aa9b-04618d3a1db9,basePosition:edd2657f-a4ed-41ff-aa9b-04618d3a1db9,overflow:edd2657f-a4ed-41ff-aa9b-04618d3a1db9,fit:edd2657f-a4ed-41ff-aa9b-04618d3a1db9,forceLoad:edd2657f-a4ed-41ff-aa9b-04618d3a1db9]"/>
                </mobile>
            </variations>
        </model>
        <related jcr:primaryType="nt:unstructured"/>
    </jcr:content>
</jcr:root>
