<?xml version="1.0" encoding="UTF-8"?>
<jcr:root xmlns:jcr="http://www.jcp.org/jcr/1.0" xmlns:dam="http://www.day.com/dam/1.0" xmlns:nt="http://www.jcp.org/jcr/nt/1.0" xmlns:mix="http://www.jcp.org/jcr/mix/1.0" xmlns:cq="http://www.day.com/jcr/cq/1.0"
    jcr:isCheckedOut="{Boolean}true"
    jcr:mixinTypes="[mix:referenceable,mix:versionable]"
    jcr:primaryType="dam:Asset"
    jcr:uuid="bfb159e6-f910-4ea6-9309-63e15dea562d">
    <jcr:content
        cq:lastReplicated="{Date}2022-08-01T00:00:00.000Z"
        cq:lastReplicated_publish="{Date}2022-08-01T00:00:00.000Z"
        cq:lastReplicatedBy="Adobe"
        cq:lastReplicatedBy_publish="Adobe"
        cq:lastReplicationAction="Activate"
        cq:lastReplicationAction_publish="Activate"
        cq:name="mtnBikingCanyonCenter"
        cq:parentPath="/content/dam/sample-wknd-app/en/content-fragments/image-layers"
        dam:processingId="e277c9c7-10fe-42d2-9e44-37d51fe1d991"
        dam:processingRenditions="[cq5dam.thumbnail.48.48.png,cqdam.machine.metadata.tags.json,cq5dam.thumbnail.319.319.png,cqdam.text.txt,cqdam.metadata.xml,cq5dam.thumbnail.140.100.png,cq5dam.web.1280.1280.jpeg,cq5dam.zoom.2048.2048.jpeg,cqdam.machine.metadata.colors.json,cqdam.machine.metadata.features.json]"
        dam:processingRequestedDate="{Date}2022-09-16T06:51:18.146Z"
        dam:runPostProcess="{Boolean}true"
        jcr:lastModified="{Date}2022-08-01T00:00:00.000Z"
        jcr:lastModifiedBy="Adobe"
        jcr:primaryType="dam:AssetContent"
        jcr:title="Mtn Biking Canyon Center"
        contentFragment="{Boolean}true"
        lastFragmentSave="{Date}2022-10-06T13:24:29.588Z">
        <data
            cq:model="/conf/sample-wknd-app/settings/dam/cfm/models/imagelayer"
            jcr:primaryType="nt:unstructured">
            <master
                jcr:mixinTypes="[cq:Taggable,dam:cfVariationNode]"
                jcr:primaryType="nt:unstructured"
                altText="rocks1"
                altText_x0040_ContentType="text/plain"
                altText_x0040_LastModified="{Date}2022-09-23T08:16:20.994Z"
                basePosition="bottom-left"
                basePosition_x0040_LastModified="{Date}2022-09-13T13:40:46.874Z"
                fit="contain"
                fit_x0040_LastModified="{Date}2022-10-06T09:20:49.993Z"
                forceLoad="{Boolean}false"
                forceLoad_x0040_LastModified="{Date}2022-10-04T13:22:54.121Z"
                id="rocks1"
                id_x0040_LastModified="{Date}2022-09-13T12:17:18.899Z"
                image="/content/dam/sample-wknd-app/en/image-files/rocks1.png"
                image_x0040_LastModified="{Date}2022-10-04T13:22:54.118Z"
                layerId="layer-rocks1"
                layerId_x0040_LastModified="{Date}2022-09-13T12:17:18.900Z"
                overflow="{Boolean}false"
                overflow_x0040_LastModified="{Date}2022-09-13T12:17:18.901Z"
                path="/WKND SPA/Outdoor Passion/Scene 1/rocks1.webp"
                path_x0040_LastModified="{Date}2022-09-23T08:16:20.993Z"
                placeholder_x0040_LastModified="{Date}2022-09-13T12:16:31.413Z"/>
            <mobile
                jcr:mixinTypes="[cq:Taggable,dam:cfVariationNode]"
                jcr:primaryType="nt:unstructured"
                _x0040_variationCreationDate="{Date}2022-09-21T13:03:30.599Z"
                altText="rocks1"
                altText_x0040_ContentType="text/plain"
                altText_x0040_LastModified="{Date}2022-09-21T13:03:35.957Z"
                basePosition="bottom-left"
                basePosition_x0040_LastModified="{Date}2022-09-21T13:03:30.603Z"
                fit="contain"
                fit_x0040_LastModified="{Date}2022-09-28T13:30:23.682Z"
                forceLoad="{Boolean}false"
                forceLoad_x0040_LastModified="{Date}2022-09-28T13:30:23.688Z"
                id="rocks1"
                id_x0040_LastModified="{Date}2022-09-21T13:03:30.602Z"
                image="/content/dam/sample-wknd-app/en/image-files/rocks1_m.png"
                image_x0040_LastModified="{Date}2022-10-06T13:24:29.423Z"
                layerId="layer-rocks1"
                layerId_x0040_LastModified="{Date}2022-09-21T13:03:30.602Z"
                overflow="{Boolean}false"
                overflow_x0040_LastModified="{Date}2022-09-21T13:03:30.603Z"
                path="/WKND SPA/Outdoor Passion/Scene 1/rocks1_m.webp"
                path_x0040_LastModified="{Date}2022-09-23T08:16:25.842Z"
                placeholder_x0040_LastModified="{Date}2022-09-21T13:03:30.601Z"/>
        </data>
        <metadata
            jcr:mixinTypes="[cq:Taggable]"
            jcr:primaryType="nt:unstructured"/>
        <model jcr:primaryType="nt:unstructured">
            <variations jcr:primaryType="nt:unstructured">
                <mobile
                    jcr:description="\0"
                    jcr:mixinTypes="[cq:Taggable]"
                    jcr:primaryType="nt:unstructured"
                    jcr:title="mobile"
                    name="mobile">
                    <properties
                        jcr:primaryType="nt:unstructured"
                        synchronizeWithVersion="[placeholder:4035f42b-342c-496c-9525-41d02117f397,path:4035f42b-342c-496c-9525-41d02117f397,altText:4035f42b-342c-496c-9525-41d02117f397,placeholder:4035f42b-342c-496c-9525-41d02117f397,id:4035f42b-342c-496c-9525-41d02117f397,layerId:4035f42b-342c-496c-9525-41d02117f397,basePosition:4035f42b-342c-496c-9525-41d02117f397,overflow:4035f42b-342c-496c-9525-41d02117f397,fit:4035f42b-342c-496c-9525-41d02117f397]"/>
                </mobile>
            </variations>
        </model>
        <related jcr:primaryType="nt:unstructured"/>
    </jcr:content>
</jcr:root>
