<?xml version="1.0" encoding="UTF-8"?>
<jcr:root xmlns:jcr="http://www.jcp.org/jcr/1.0" xmlns:dam="http://www.day.com/dam/1.0" xmlns:nt="http://www.jcp.org/jcr/nt/1.0" xmlns:mix="http://www.jcp.org/jcr/mix/1.0" xmlns:cq="http://www.day.com/jcr/cq/1.0"
    jcr:isCheckedOut="{Boolean}true"
    jcr:mixinTypes="[mix:referenceable,mix:versionable]"
    jcr:primaryType="dam:Asset"
    jcr:uuid="57bc5500-3ac2-4d1a-a8f9-9b52d7c010b4">
    <jcr:content
        cq:lastReplicated="{Date}2022-08-01T00:00:00.000Z"
        cq:lastReplicated_publish="{Date}2022-08-01T00:00:00.000Z"
        cq:lastReplicatedBy="Adobe"
        cq:lastReplicatedBy_publish="Adobe"
        cq:lastReplicationAction="Activate"
        cq:lastReplicationAction_publish="Activate"
        cq:name="hikingMtnWater"
        cq:parentPath="/content/dam/sample-wknd-app/en/content-fragments/image-layers"
        dam:processingId="48415e63-25cc-4afb-b07f-c5594a0696c4"
        dam:processingRenditions="[cqdam.metadata.xml,cq5dam.thumbnail.48.48.png,cq5dam.thumbnail.140.100.png,cqdam.machine.metadata.tags.json,cqdam.text.txt,cqdam.machine.metadata.features.json,cq5dam.thumbnail.319.319.png,cq5dam.zoom.2048.2048.jpeg,cq5dam.web.1280.1280.jpeg,cqdam.machine.metadata.colors.json]"
        dam:processingRequestedDate="{Date}2022-09-16T07:15:23.816Z"
        dam:runPostProcess="{Boolean}true"
        jcr:lastModified="{Date}2022-08-01T00:00:00.000Z"
        jcr:lastModifiedBy="Adobe"
        jcr:primaryType="dam:AssetContent"
        jcr:title="Hiking Mtn Water"
        contentFragment="{Boolean}true"
        lastFragmentSave="{Date}2022-10-06T13:23:25.565Z">
        <data
            cq:model="/conf/sample-wknd-app/settings/dam/cfm/models/imagelayer"
            jcr:primaryType="nt:unstructured">
            <master
                jcr:mixinTypes="[cq:Taggable,dam:cfVariationNode]"
                jcr:primaryType="nt:unstructured"
                altText="water"
                altText_x0040_ContentType="text/plain"
                altText_x0040_LastModified="{Date}2022-09-23T08:15:50.416Z"
                basePosition="bottom-center"
                basePosition_x0040_LastModified="{Date}2022-09-15T11:53:05.982Z"
                fit="cover"
                fit_x0040_LastModified="{Date}2022-10-03T11:45:56.378Z"
                forceLoad="{Boolean}false"
                forceLoad_x0040_LastModified="{Date}2022-09-28T13:44:25.136Z"
                id="water"
                id_x0040_LastModified="{Date}2022-09-15T11:53:05.973Z"
                image="/content/dam/sample-wknd-app/en/image-files/water.png"
                image_x0040_LastModified="{Date}2022-10-04T13:59:53.874Z"
                layerId="water-layer"
                layerId_x0040_LastModified="{Date}2022-09-15T11:53:05.982Z"
                overflow="{Boolean}false"
                overflow_x0040_LastModified="{Date}2022-09-15T11:53:05.983Z"
                path="/WKND SPA/Outdoor Passion/Scene 2/water.webp"
                path_x0040_LastModified="{Date}2022-09-23T08:15:50.414Z"
                placeholder_x0040_LastModified="{Date}2022-09-15T11:43:57.123Z"/>
            <mobile
                jcr:mixinTypes="[cq:Taggable,dam:cfVariationNode]"
                jcr:primaryType="nt:unstructured"
                _x0040_variationCreationDate="{Date}2022-10-04T13:59:58.632Z"
                altText="water"
                altText_x0040_ContentType="text/plain"
                altText_x0040_LastModified="{Date}2022-10-04T13:59:58.634Z"
                basePosition="bottom-center"
                basePosition_x0040_LastModified="{Date}2022-10-04T13:59:58.635Z"
                fit="cover"
                fit_x0040_LastModified="{Date}2022-10-04T13:59:58.636Z"
                forceLoad="{Boolean}false"
                forceLoad_x0040_LastModified="{Date}2022-10-04T13:59:58.637Z"
                id="water"
                id_x0040_LastModified="{Date}2022-10-04T13:59:58.635Z"
                image="/content/dam/sample-wknd-app/en/image-files/water_m.png"
                image_x0040_LastModified="{Date}2022-10-06T13:23:25.400Z"
                layerId="water-layer"
                layerId_x0040_LastModified="{Date}2022-10-04T13:59:58.635Z"
                overflow="{Boolean}false"
                overflow_x0040_LastModified="{Date}2022-10-04T13:59:58.636Z"
                path="/WKND SPA/Outdoor Passion/Scene 2/water.webp"
                path_x0040_LastModified="{Date}2022-10-04T13:59:58.633Z"
                placeholder_x0040_LastModified="{Date}2022-10-04T13:59:58.634Z"/>
        </data>
        <metadata
            jcr:mixinTypes="[cq:Taggable]"
            jcr:primaryType="nt:unstructured"/>
        <model jcr:primaryType="nt:unstructured">
            <variations jcr:primaryType="nt:unstructured">
                <mobile
                    jcr:description="\0"
                    jcr:mixinTypes="[cq:Taggable]"
                    jcr:primaryType="nt:unstructured"
                    jcr:title="mobile"
                    name="mobile">
                    <properties
                        jcr:primaryType="nt:unstructured"
                        synchronizeWithVersion="[placeholder:6399dcc4-3d48-4063-b84f-b85cc2d7da0e,path:6399dcc4-3d48-4063-b84f-b85cc2d7da0e,image:6399dcc4-3d48-4063-b84f-b85cc2d7da0e,altText:6399dcc4-3d48-4063-b84f-b85cc2d7da0e,placeholder:6399dcc4-3d48-4063-b84f-b85cc2d7da0e,id:6399dcc4-3d48-4063-b84f-b85cc2d7da0e,layerId:6399dcc4-3d48-4063-b84f-b85cc2d7da0e,basePosition:6399dcc4-3d48-4063-b84f-b85cc2d7da0e,overflow:6399dcc4-3d48-4063-b84f-b85cc2d7da0e,fit:6399dcc4-3d48-4063-b84f-b85cc2d7da0e,forceLoad:6399dcc4-3d48-4063-b84f-b85cc2d7da0e]"/>
                </mobile>
            </variations>
        </model>
        <related jcr:primaryType="nt:unstructured"/>
    </jcr:content>
</jcr:root>
