<?xml version="1.0" encoding="UTF-8"?>
<jcr:root xmlns:jcr="http://www.jcp.org/jcr/1.0" xmlns:dam="http://www.day.com/dam/1.0" xmlns:nt="http://www.jcp.org/jcr/nt/1.0" xmlns:mix="http://www.jcp.org/jcr/mix/1.0" xmlns:cq="http://www.day.com/jcr/cq/1.0"
    jcr:isCheckedOut="{Boolean}true"
    jcr:mixinTypes="[mix:referenceable,mix:versionable]"
    jcr:primaryType="dam:Asset"
    jcr:uuid="7d0dd87d-0576-410e-bfb0-9ddd456cc399">
    <jcr:content
        cq:lastReplicated="{Date}2022-08-01T00:00:00.000Z"
        cq:lastReplicated_publish="{Date}2022-08-01T00:00:00.000Z"
        cq:lastReplicatedBy="Adobe"
        cq:lastReplicatedBy_publish="Adobe"
        cq:lastReplicationAction="Activate"
        cq:lastReplicationAction_publish="Activate"
        cq:name="mtnBikingCanyonLeft"
        cq:parentPath="/content/dam/sample-wknd-app/en/content-fragments/image-layers"
        dam:processingId="a0b67bfa-9746-421f-9bc3-53d233749cda"
        dam:processingRenditions="[cqdam.machine.metadata.colors.json,cqdam.metadata.xml,cq5dam.thumbnail.48.48.png,cqdam.machine.metadata.features.json,cq5dam.zoom.2048.2048.jpeg,cq5dam.thumbnail.319.319.png,cqdam.machine.metadata.tags.json,cqdam.text.txt,cq5dam.web.1280.1280.jpeg,cq5dam.thumbnail.140.100.png]"
        dam:processingRequestedDate="{Date}2022-09-16T06:51:47.176Z"
        dam:runPostProcess="{Boolean}true"
        jcr:lastModified="{Date}2022-08-01T00:00:00.000Z"
        jcr:lastModifiedBy="Adobe"
        jcr:primaryType="dam:AssetContent"
        jcr:title="Mtn Biking Canyon Left"
        contentFragment="{Boolean}true"
        lastFragmentSave="{Date}2022-10-06T13:24:15.322Z">
        <data
            cq:model="/conf/sample-wknd-app/settings/dam/cfm/models/imagelayer"
            jcr:primaryType="nt:unstructured">
            <master
                jcr:mixinTypes="[cq:Taggable,dam:cfVariationNode]"
                jcr:primaryType="nt:unstructured"
                altText="rocks2"
                altText_x0040_ContentType="text/plain"
                altText_x0040_LastModified="{Date}2022-09-23T08:16:09.513Z"
                basePosition="bottom-left"
                basePosition_x0040_LastModified="{Date}2022-09-13T13:40:20.407Z"
                fit="scale-down"
                fit_x0040_LastModified="{Date}2022-10-04T14:47:09.958Z"
                forceLoad="{Boolean}false"
                forceLoad_x0040_LastModified="{Date}2022-10-04T13:23:27.626Z"
                id="rocks2"
                id_x0040_LastModified="{Date}2022-09-13T13:40:20.406Z"
                image="/content/dam/sample-wknd-app/en/image-files/rocks2.png"
                image_x0040_LastModified="{Date}2022-10-04T13:23:27.625Z"
                layerId="layer-rocks2"
                layerId_x0040_LastModified="{Date}2022-09-13T13:40:20.407Z"
                overflow="{Boolean}false"
                overflow_x0040_LastModified="{Date}2022-09-13T13:40:20.408Z"
                path="/WKND SPA/Outdoor Passion/Scene 1/rocks2.webp"
                path_x0040_LastModified="{Date}2022-09-23T08:16:09.512Z"
                placeholder_x0040_LastModified="{Date}2022-09-13T13:39:43.007Z"/>
            <mobile
                jcr:mixinTypes="[cq:Taggable,dam:cfVariationNode]"
                jcr:primaryType="nt:unstructured"
                _x0040_variationCreationDate="{Date}2022-09-21T13:03:19.922Z"
                altText="rocks2"
                altText_x0040_ContentType="text/plain"
                altText_x0040_LastModified="{Date}2022-09-21T13:03:26.011Z"
                basePosition="bottom-left"
                basePosition_x0040_LastModified="{Date}2022-09-21T13:03:19.926Z"
                fit="fill"
                fit_x0040_LastModified="{Date}2022-09-21T13:03:19.926Z"
                forceLoad="{Boolean}false"
                forceLoad_x0040_LastModified="{Date}2022-10-04T13:23:39.676Z"
                id="rocks2"
                id_x0040_LastModified="{Date}2022-09-21T13:03:19.925Z"
                image="/content/dam/sample-wknd-app/en/image-files/rocks2_m.png"
                image_x0040_LastModified="{Date}2022-10-06T13:24:15.165Z"
                layerId="layer-rocks2"
                layerId_x0040_LastModified="{Date}2022-09-21T13:03:19.925Z"
                overflow="{Boolean}false"
                overflow_x0040_LastModified="{Date}2022-09-21T13:03:19.926Z"
                path="/WKND SPA/Outdoor Passion/Scene 1/rocks2_m.webp"
                path_x0040_LastModified="{Date}2022-09-23T08:16:14.597Z"
                placeholder_x0040_LastModified="{Date}2022-09-21T13:03:19.925Z"/>
        </data>
        <metadata
            jcr:mixinTypes="[cq:Taggable]"
            jcr:primaryType="nt:unstructured"/>
        <model jcr:primaryType="nt:unstructured">
            <variations jcr:primaryType="nt:unstructured">
                <mobile
                    jcr:description="\0"
                    jcr:mixinTypes="[cq:Taggable]"
                    jcr:primaryType="nt:unstructured"
                    jcr:title="mobile"
                    name="mobile">
                    <properties
                        jcr:primaryType="nt:unstructured"
                        synchronizeWithVersion="[placeholder:20376bbd-935b-47a7-870c-79dd8ca8ea78,path:20376bbd-935b-47a7-870c-79dd8ca8ea78,altText:20376bbd-935b-47a7-870c-79dd8ca8ea78,placeholder:20376bbd-935b-47a7-870c-79dd8ca8ea78,id:20376bbd-935b-47a7-870c-79dd8ca8ea78,layerId:20376bbd-935b-47a7-870c-79dd8ca8ea78,basePosition:20376bbd-935b-47a7-870c-79dd8ca8ea78,overflow:20376bbd-935b-47a7-870c-79dd8ca8ea78,fit:20376bbd-935b-47a7-870c-79dd8ca8ea78]"/>
                </mobile>
            </variations>
        </model>
        <related jcr:primaryType="nt:unstructured"/>
    </jcr:content>
</jcr:root>
