{"autoTags":[{"value":"bicycle","confidence":0.7179117798805237,"isCustom":false},{"value":"bike","confidence":0.6957030296325684,"isCustom":false},{"value":"man","confidence":0.670608401298523,"isCustom":false},{"value":"woman","confidence":0.663029134273529,"isCustom":false},{"value":"sport","confidence":0.6525479555130005,"isCustom":false},{"value":"adult","confidence":0.6509319543838501,"isCustom":false},{"value":"boy","confidence":0.6414245963096619,"isCustom":false},{"value":"girl","confidence":0.6376570463180542,"isCustom":false},{"value":"active","confidence":0.6267479062080383,"isCustom":false},{"value":"young","confidence":0.626376748085022,"isCustom":false},{"value":"outdoors","confidence":0.6240124106407166,"isCustom":false},{"value":"cyclist","confidence":0.6234393119812012,"isCustom":false},{"value":"helmet","confidence":0.6047245264053345,"isCustom":false},{"value":"biker","confidence":0.5978570580482483,"isCustom":false},{"value":"cycling","confidence":0.5976123213768005,"isCustom":false},{"value":"summer","confidence":0.5934514403343201,"isCustom":false},{"value":"beautiful","confidence":0.5886956453323364,"isCustom":false},{"value":"male","confidence":0.5855618715286255,"isCustom":false},{"value":"female","confidence":0.5759747624397278,"isCustom":false},{"value":"sky","confidence":0.5713706612586975,"isCustom":false},{"value":"child","confidence":0.5666435360908508,"isCustom":false},{"value":"fun","confidence":0.5650272965431213,"isCustom":false},{"value":"people","confidence":0.5645813345909119,"isCustom":false},{"value":"biking","confidence":0.5630749464035034,"isCustom":false},{"value":"bicyclist","confidence":0.5591602325439453,"isCustom":false}]}
