{"autoTags":[{"value":"mountain","confidence":0.8464210033416748,"isCustom":false},{"value":"snow","confidence":0.8189257383346558,"isCustom":false},{"value":"winter","confidence":0.7637439966201782,"isCustom":false},{"value":"blue","confidence":0.7581923007965088,"isCustom":false},{"value":"landscape","confidence":0.7564337849617004,"isCustom":false},{"value":"ice","confidence":0.7527488470077515,"isCustom":false},{"value":"cold","confidence":0.7349913120269775,"isCustom":false},{"value":"sky","confidence":0.7259654998779297,"isCustom":false},{"value":"nature","confidence":0.7257965803146362,"isCustom":false},{"value":"glacier","confidence":0.6982553601264954,"isCustom":false},{"value":"peak","confidence":0.6911400556564331,"isCustom":false},{"value":"mountains","confidence":0.6780024766921997,"isCustom":false},{"value":"background","confidence":0.6552977561950684,"isCustom":false},{"value":"clouds","confidence":0.6539773941040039,"isCustom":false},{"value":"beautiful","confidence":0.6297925114631653,"isCustom":false},{"value":"white","confidence":0.629651665687561,"isCustom":false},{"value":"cloud","confidence":0.6279733180999756,"isCustom":false},{"value":"high","confidence":0.5920091867446899,"isCustom":false},{"value":"rock","confidence":0.5895904898643494,"isCustom":false},{"value":"frozen","confidence":0.5880760550498962,"isCustom":false},{"value":"snowy","confidence":0.5871313810348511,"isCustom":false},{"value":"travel","confidence":0.5801350474357605,"isCustom":false},{"value":"view","confidence":0.5791344046592712,"isCustom":false},{"value":"outdoor","confidence":0.5776503086090088,"isCustom":false},{"value":"alps","confidence":0.5756120085716248,"isCustom":false}]}
